Year,Season_type,PLAYER_ID,RANK,PLAYER,TEAM_ID,TEAM,GP,MIN,FGM,FGA,FG_PCT,FG3M,FG3A,FG3_PCT,FTM,FTA,FT_PCT,OREB,DREB,REB,AST,STL,BLK,TOV,PTS,EFF
2020-21,Playoffs,1629029,1,Luka Doncic,1610612742,DAL,7,40.1,13.7,28.0,0.49,4.4,10.9,0.408,3.9,7.3,0.529,0.6,7.3,7.9,10.3,1.3,0.4,4.6,35.7,33.3
2020-21,Playoffs,203081,2,Damian Lillard,1610612757,POR,6,41.3,10.3,22.3,0.463,5.8,13.0,0.449,7.8,8.3,0.94,0.2,4.2,4.3,10.2,1.0,0.7,2.2,34.3,35.8
2020-21,Playoffs,201142,3,Kevin Durant,1610612751,BKN,12,40.4,12.1,23.5,0.514,2.8,6.8,0.402,7.3,8.4,0.871,0.4,8.8,9.3,4.4,1.5,1.6,3.5,34.3,35.0
2020-21,Playoffs,1628378,4,Donovan Mitchell,1610612762,UTA,10,34.6,10.5,23.5,0.447,5.0,11.5,0.435,6.3,7.6,0.829,0.3,3.9,4.2,5.5,1.1,0.2,2.8,32.3,26.2
2020-21,Playoffs,1628369,5,Jayson Tatum,1610612738,BOS,5,37.0,9.4,22.2,0.423,2.8,7.2,0.389,9.0,9.8,0.918,0.6,5.2,5.8,4.6,1.2,1.6,2.6,30.6,27.6
2020-21,Playoffs,1629630,6,Ja Morant,1610612763,MEM,5,40.6,11.0,22.6,0.487,2.0,6.2,0.323,6.2,8.0,0.775,1.4,3.4,4.8,8.2,0.4,0.0,3.4,30.2,26.8
2020-21,Playoffs,203507,7,Giannis Antetokounmpo,1610612749,MIL,21,38.1,11.9,20.9,0.569,0.6,3.3,0.186,5.8,9.8,0.587,2.8,10.0,12.8,5.1,1.0,1.2,3.0,30.2,34.2
2020-21,Playoffs,203078,8,Bradley Beal,1610612764,WAS,5,39.0,11.2,24.6,0.455,1.4,6.4,0.219,6.2,7.2,0.861,1.2,5.0,6.2,4.2,0.8,0.6,4.0,30.0,23.4
2020-21,Playoffs,203999,9,Nikola Jokic,1610612743,DEN,10,34.5,11.6,22.8,0.509,2.0,5.3,0.377,4.6,5.5,0.836,3.7,7.9,11.6,5.0,0.6,0.9,2.4,29.8,33.4
2020-21,Playoffs,1629027,10,Trae Young,1610612737,ATL,16,37.7,9.4,22.4,0.418,2.8,9.0,0.313,7.3,8.4,0.866,0.4,2.4,2.8,9.5,1.3,0.0,4.0,28.8,24.2
2020-21,Playoffs,203954,11,Joel Embiid,1610612755,PHI,11,32.5,9.2,17.9,0.513,1.5,3.7,0.39,8.3,9.9,0.835,1.5,9.1,10.5,3.4,1.0,1.5,3.8,28.1,30.3
2020-21,Playoffs,1626164,12,Devin Booker,1610612756,PHX,22,40.4,9.6,21.5,0.447,2.0,6.2,0.321,6.0,6.7,0.905,0.7,5.0,5.6,4.5,0.8,0.2,3.7,27.3,22.3
2020-21,Playoffs,202331,13,Paul George,1610612746,LAC,19,40.8,8.7,19.7,0.441,2.7,8.0,0.336,6.8,8.1,0.844,0.9,8.7,9.6,5.4,1.0,0.5,3.5,26.9,27.6
2020-21,Playoffs,1628415,14,Dillon Brooks,1610612763,MEM,5,35.0,10.0,19.4,0.515,1.6,4.0,0.4,4.2,5.2,0.808,1.0,3.2,4.2,2.2,1.4,0.4,1.8,25.8,21.8
2020-21,Playoffs,203114,15,Khris Middleton,1610612749,MIL,23,40.1,8.6,19.7,0.438,2.6,7.6,0.343,3.7,4.2,0.887,1.1,6.5,7.6,5.1,1.5,0.2,3.2,23.6,23.2
2020-21,Playoffs,2544,16,LeBron James,1610612747,LAL,6,37.3,9.0,19.0,0.474,3.0,8.0,0.375,2.3,3.8,0.609,1.2,6.0,7.2,8.0,1.5,0.3,4.2,23.3,24.7
2020-21,Playoffs,202681,17,Kyrie Irving,1610612751,BKN,9,36.1,8.6,18.1,0.472,2.7,7.2,0.369,2.9,3.1,0.929,1.3,4.4,5.8,3.4,1.0,0.6,1.2,22.7,22.4
2020-21,Playoffs,202699,18,Tobias Harris,1610612755,PHI,12,36.5,8.8,17.9,0.488,1.3,3.6,0.372,2.9,3.3,0.875,0.8,7.7,8.5,3.5,1.0,0.4,1.5,21.8,24.1
2020-21,Playoffs,203468,19,CJ McCollum,1610612757,POR,6,40.0,8.3,19.0,0.439,2.3,7.0,0.333,1.7,2.2,0.769,1.0,5.0,6.0,4.3,0.3,0.7,2.0,20.7,18.8
2020-21,Playoffs,201935,20,James Harden,1610612751,BKN,9,35.8,5.7,12.0,0.472,2.7,7.3,0.364,6.2,6.9,0.903,0.8,5.6,6.3,8.6,1.7,0.7,2.9,20.2,27.6
2020-21,Playoffs,201565,21,Derrick Rose,1610612752,NYK,5,35.0,8.0,16.8,0.476,1.6,3.4,0.471,1.8,1.8,1.0,0.8,3.2,4.0,5.0,0.4,0.2,1.6,19.4,18.6
2020-21,Playoffs,101108,22,Chris Paul,1610612756,PHX,20,34.2,7.5,15.0,0.497,1.5,3.3,0.446,2.9,3.3,0.877,0.5,3.1,3.5,8.6,1.2,0.2,2.2,19.2,22.5
2020-21,Playoffs,201566,23,Russell Westbrook,1610612764,WAS,5,37.2,5.6,16.8,0.333,1.0,4.0,0.25,6.8,8.6,0.791,2.8,7.6,10.4,11.8,0.4,0.2,4.2,19.0,24.6
2020-21,Playoffs,203552,24,Seth Curry,1610612755,PHI,12,31.8,7.1,12.3,0.578,3.4,6.8,0.506,1.3,1.6,0.789,0.3,2.0,2.3,2.3,0.8,0.3,0.8,18.8,18.2
2020-21,Playoffs,202711,25,Bojan Bogdanovic,1610612762,UTA,11,35.5,5.8,12.5,0.467,3.2,6.9,0.461,3.3,3.7,0.878,0.5,3.7,4.3,1.5,0.9,0.0,2.1,18.1,15.5
2020-21,Playoffs,203944,26,Julius Randle,1610612752,NYK,5,36.0,5.6,18.8,0.298,2.2,6.6,0.333,4.6,5.4,0.852,2.2,9.4,11.6,4.0,0.6,0.0,4.6,18.0,15.6
2020-21,Playoffs,203935,27,Marcus Smart,1610612738,BOS,5,36.6,5.8,13.2,0.439,3.2,8.6,0.372,3.0,4.2,0.714,0.8,3.6,4.4,6.0,1.0,0.2,2.8,17.8,18.0
2020-21,Playoffs,202704,28,Reggie Jackson,1610612746,LAC,19,32.7,6.4,13.3,0.484,3.1,7.5,0.408,1.9,2.2,0.878,0.4,2.8,3.2,3.4,0.9,0.2,1.5,17.8,16.9
2020-21,Playoffs,203903,29,Jordan Clarkson,1610612762,UTA,11,27.1,6.1,15.0,0.406,3.1,8.8,0.351,2.3,2.4,0.962,0.5,2.5,3.1,1.5,0.6,0.3,2.1,17.5,12.0
2020-21,Playoffs,203076,30,Anthony Davis,1610612747,LAL,5,28.8,5.0,12.4,0.403,0.4,2.2,0.182,7.0,8.4,0.833,1.4,5.2,6.6,2.6,0.6,1.6,1.2,17.4,18.8
2020-21,Playoffs,1629008,30,Michael Porter Jr.,1610612743,DEN,10,33.2,6.4,13.5,0.474,2.9,7.3,0.397,1.7,2.1,0.81,1.2,5.0,6.2,1.3,1.1,0.3,1.6,17.4,17.2
2020-21,Playoffs,201950,32,Jrue Holiday,1610612749,MIL,23,39.7,6.9,16.9,0.406,1.9,6.2,0.303,1.7,2.4,0.714,1.4,4.3,5.7,8.7,1.7,0.4,2.4,17.3,20.7
2020-21,Playoffs,1626181,33,Norman Powell,1610612757,POR,6,36.0,6.3,12.7,0.5,1.7,4.3,0.385,2.7,3.0,0.889,0.5,1.7,2.2,2.0,0.8,1.0,1.2,17.0,15.2
2020-21,Playoffs,203501,33,Tim Hardaway Jr.,1610612742,DAL,7,37.4,6.0,14.4,0.416,3.3,8.1,0.404,1.7,2.3,0.75,0.7,2.6,3.3,1.4,0.4,0.0,0.9,17.0,12.3
2020-21,Playoffs,201609,35,Goran Dragic,1610612748,MIA,4,29.3,5.8,13.5,0.426,2.3,6.5,0.346,2.3,3.0,0.75,0.3,1.5,1.8,2.8,1.0,0.5,1.5,16.0,12.0
2020-21,Playoffs,1629028,36,Deandre Ayton,1610612756,PHX,22,36.4,7.0,10.6,0.658,0.0,0.0,0.0,1.8,2.4,0.736,3.0,8.8,11.8,1.1,0.8,1.1,1.3,15.8,25.1
2020-21,Playoffs,1628389,37,Bam Adebayo,1610612748,MIA,4,34.0,6.5,14.3,0.456,0.0,0.0,0.0,2.5,3.3,0.769,3.5,5.8,9.3,4.3,1.3,0.5,2.8,15.5,19.5
2020-21,Playoffs,203095,38,Evan Fournier,1610612738,BOS,5,33.4,5.4,12.6,0.429,2.6,6.0,0.433,2.0,2.4,0.833,1.0,2.6,3.6,1.4,1.2,0.0,1.0,15.4,13.0
2020-21,Playoffs,202685,39,Jonas Valanciunas,1610612763,MEM,5,33.2,6.6,11.6,0.569,0.4,1.6,0.25,1.4,1.6,0.875,4.0,5.8,9.8,2.6,0.6,0.6,2.0,15.0,21.4
2020-21,Playoffs,1629060,40,Rui Hachimura,1610612764,WAS,5,34.6,5.8,9.4,0.617,1.8,3.0,0.6,1.4,2.4,0.583,1.0,6.2,7.2,1.0,0.4,0.2,1.0,14.8,18.0
2020-21,Playoffs,203497,41,Rudy Gobert,1610612762,UTA,11,34.2,5.5,7.4,0.741,0.0,0.1,0.0,3.8,6.0,0.636,3.9,8.4,12.3,0.8,0.5,2.1,1.5,14.7,24.8
2020-21,Playoffs,202710,42,Jimmy Butler,1610612748,MIA,4,38.5,4.8,16.0,0.297,1.0,3.8,0.267,4.0,5.5,0.727,1.5,6.0,7.5,7.0,1.3,0.3,2.3,14.5,15.5
2020-21,Playoffs,1629628,43,RJ Barrett,1610612752,NYK,5,32.4,5.2,13.4,0.388,1.6,5.6,0.286,2.4,3.0,0.8,0.8,6.4,7.2,3.0,0.8,0.4,0.4,14.4,16.6
2020-21,Playoffs,203471,44,Dennis Schroder,1610612747,LAL,6,32.7,4.7,11.7,0.4,1.3,4.3,0.308,3.7,4.3,0.846,0.2,2.8,3.0,2.8,1.0,0.2,1.7,14.3,12.0
2020-21,Playoffs,203992,45,Bogdan Bogdanovic,1610612737,ATL,18,33.2,5.4,13.8,0.39,2.6,7.9,0.329,0.7,0.9,0.706,0.6,3.6,4.2,2.9,1.6,0.3,1.5,14.1,12.8
2020-21,Playoffs,202692,46,Alec Burks,1610612752,NYK,5,25.6,4.8,11.2,0.429,1.6,4.8,0.333,2.8,3.8,0.737,1.0,4.0,5.0,2.6,0.2,0.0,0.8,14.0,13.6
2020-21,Playoffs,1628381,47,John Collins,1610612737,ATL,18,32.0,5.6,10.1,0.549,1.1,3.1,0.357,1.7,2.0,0.833,2.0,6.7,8.7,0.9,0.4,0.6,1.3,13.9,18.4
2020-21,Playoffs,1628420,48,Monte Morris,1610612743,DEN,10,28.6,5.0,11.6,0.431,1.6,4.0,0.4,2.1,2.9,0.724,0.7,1.7,2.4,5.5,1.0,0.2,0.7,13.7,14.7
2020-21,Playoffs,1628991,49,Jaren Jackson Jr.,1610612763,MEM,5,27.4,4.6,10.8,0.426,1.6,5.6,0.286,2.8,3.2,0.875,1.8,3.8,5.6,1.0,1.0,1.2,0.8,13.6,15.0
2020-21,Playoffs,203994,50,Jusuf Nurkic,1610612757,POR,6,28.8,5.0,9.2,0.545,0.2,0.8,0.2,3.0,4.2,0.72,3.0,7.3,10.3,2.7,0.5,1.2,2.3,13.2,20.2
2020-21,Playoffs,204001,51,Kristaps Porzingis,1610612742,DAL,7,33.3,4.9,10.3,0.472,1.1,3.9,0.296,2.3,2.7,0.842,1.0,4.4,5.4,1.3,1.3,0.7,0.4,13.1,15.6
2020-21,Playoffs,201572,52,Brook Lopez,1610612749,MIL,23,29.0,5.2,9.4,0.548,1.0,3.1,0.319,1.6,1.9,0.86,2.1,3.8,5.9,0.3,0.7,1.5,1.1,13.0,15.7
2020-21,Playoffs,201568,53,Danilo Gallinari,1610612737,ATL,18,24.6,4.1,9.7,0.425,1.9,4.7,0.405,2.7,2.9,0.942,0.4,3.4,3.9,0.8,0.3,0.2,0.8,12.8,11.4
2020-21,Playoffs,2546,54,Carmelo Anthony,1610612757,POR,6,23.8,4.2,10.0,0.417,2.3,6.2,0.378,1.7,1.8,0.909,0.3,2.8,3.2,1.5,0.3,0.2,1.2,12.3,10.3
2020-21,Playoffs,202694,55,Marcus Morris Sr.,1610612746,LAC,19,31.8,4.5,10.5,0.43,1.9,5.1,0.375,1.3,1.7,0.75,0.7,3.6,4.3,1.5,0.5,0.5,0.4,12.2,12.2
2020-21,Playoffs,1627732,56,Ben Simmons,1610612755,PHI,12,33.5,4.9,7.9,0.621,0.0,0.1,0.0,2.1,6.1,0.342,2.1,5.8,7.9,8.8,1.3,0.8,2.3,11.9,21.5
2020-21,Playoffs,1629655,57,Daniel Gafford,1610612764,WAS,5,23.4,4.4,5.2,0.846,0.0,0.0,0.0,3.0,4.8,0.625,2.8,3.0,5.8,0.6,1.0,2.0,0.6,11.8,18.0
2020-21,Playoffs,1626220,58,Royce O'Neale,1610612762,UTA,11,36.7,3.9,7.7,0.506,2.5,5.5,0.467,0.9,1.1,0.833,1.5,5.8,7.3,2.1,1.1,0.3,0.7,11.3,17.3
2020-21,Playoffs,203925,59,Joe Harris,1610612751,BKN,12,36.2,4.1,10.3,0.398,2.8,6.8,0.402,0.3,0.3,0.75,0.4,3.2,3.6,1.6,0.3,0.2,0.8,11.2,9.8
2020-21,Playoffs,203932,60,Aaron Gordon,1610612743,DEN,10,29.9,4.3,9.9,0.434,0.9,2.3,0.391,1.6,2.5,0.64,2.1,3.3,5.4,2.0,0.5,0.3,1.4,11.1,11.4
2020-21,Playoffs,1628969,61,Mikal Bridges,1610612756,PHX,22,32.1,4.2,8.6,0.484,1.6,4.3,0.368,1.1,1.3,0.893,0.9,3.4,4.3,1.6,1.0,0.7,0.7,11.1,13.4
2020-21,Playoffs,1628989,62,Kevin Huerter,1610612737,ATL,18,31.0,4.3,10.0,0.428,1.8,5.3,0.347,0.7,0.9,0.706,0.6,3.2,3.8,2.8,0.8,0.9,1.1,11.1,12.3
2020-21,Playoffs,203109,63,Jae Crowder,1610612756,PHX,22,33.1,3.5,8.4,0.413,2.5,6.5,0.38,1.4,1.6,0.886,0.5,5.6,6.1,1.9,0.9,0.8,0.9,10.8,14.5
2020-21,Playoffs,202684,64,Tristan Thompson,1610612738,BOS,5,26.4,4.0,6.8,0.588,0.0,0.0,0.0,2.4,3.4,0.706,5.8,4.0,9.8,1.0,0.8,1.2,1.0,10.4,18.4
2020-21,Playoffs,1627827,65,Dorian Finney-Smith,1610612742,DAL,7,38.7,3.7,9.1,0.406,2.3,5.3,0.432,0.6,0.7,0.8,2.4,4.1,6.6,2.1,1.1,0.3,1.7,10.3,13.1
2020-21,Playoffs,1629130,66,Duncan Robinson,1610612748,MIA,4,25.0,2.8,7.3,0.379,2.5,6.8,0.37,2.3,2.5,0.9,0.0,2.8,2.8,0.8,0.8,0.0,1.0,10.3,8.8
2020-21,Playoffs,1629134,66,Kendrick Nunn,1610612748,MIA,4,23.3,4.3,10.8,0.395,1.3,4.5,0.278,0.5,0.5,1.0,0.0,1.5,1.5,1.5,0.5,0.0,0.8,10.3,6.5
2020-21,Playoffs,204060,68,Joe Ingles,1610612762,UTA,11,27.8,3.5,7.2,0.494,2.2,5.3,0.414,0.9,1.2,0.769,0.1,3.0,3.1,3.5,0.6,0.0,0.8,10.2,12.6
2020-21,Playoffs,203991,69,Clint Capela,1610612737,ATL,18,31.6,4.6,7.6,0.603,0.0,0.0,0.0,0.9,2.2,0.436,3.4,7.8,11.2,0.9,0.7,1.1,1.0,10.1,18.7
2020-21,Playoffs,203496,70,Robert Covington,1610612757,POR,6,38.0,3.0,6.0,0.5,1.8,3.7,0.5,1.5,1.7,0.9,1.5,6.3,7.8,1.2,1.5,1.0,1.3,9.3,16.3
2020-21,Playoffs,1626166,71,Cameron Payne,1610612756,PHX,22,19.0,3.7,8.8,0.425,1.1,3.1,0.362,0.7,0.8,0.889,0.3,2.2,2.5,3.2,0.8,0.5,1.1,9.3,10.0
2020-21,Playoffs,1630267,72,Facundo Campazzo,1610612743,DEN,10,27.0,2.9,7.4,0.392,1.9,4.8,0.396,1.6,1.9,0.842,0.7,2.3,3.0,4.1,1.4,0.4,1.5,9.3,11.9
2020-21,Playoffs,202722,73,Davis Bertans,1610612764,WAS,4,26.5,2.8,6.8,0.407,2.0,5.8,0.348,1.8,1.8,1.0,0.0,2.8,2.8,0.3,0.3,0.5,0.3,9.3,8.8
2020-21,Playoffs,1629639,73,Tyler Herro,1610612748,MIA,4,23.3,3.0,9.5,0.316,1.5,4.8,0.316,1.8,1.8,1.0,0.3,3.0,3.3,1.8,0.3,0.3,0.8,9.3,7.5
2020-21,Playoffs,203085,75,Austin Rivers,1610612743,DEN,10,30.5,3.0,6.9,0.435,1.9,4.6,0.413,1.3,1.6,0.813,0.1,1.6,1.7,2.1,0.2,0.3,0.9,9.2,8.4
2020-21,Playoffs,203083,76,Andre Drummond,1610612747,LAL,5,21.0,3.8,6.4,0.594,0.0,0.0,0.0,1.4,2.0,0.7,3.8,7.2,11.0,0.0,0.8,0.6,2.2,9.0,16.0
2020-21,Playoffs,201933,76,Blake Griffin,1610612751,BKN,12,26.5,3.5,6.6,0.532,1.2,3.0,0.389,0.8,1.2,0.714,1.3,4.7,5.9,1.8,0.8,0.5,0.4,9.0,14.2
2020-21,Playoffs,1629641,76,Romeo Langford,1610612738,BOS,4,27.3,3.3,8.0,0.406,1.5,4.3,0.353,1.0,1.0,1.0,1.3,1.3,2.5,1.3,0.8,0.5,0.3,9.0,9.0
2020-21,Playoffs,1626171,79,Bobby Portis,1610612749,MIL,20,18.3,3.5,7.6,0.464,0.9,2.6,0.346,0.9,1.3,0.72,1.7,3.4,5.0,0.6,0.7,0.4,0.5,8.8,10.6
2020-21,Playoffs,203493,79,Reggie Bullock Jr.,1610612752,NYK,5,32.4,3.0,7.8,0.385,2.0,5.8,0.345,0.8,1.0,0.8,1.0,2.4,3.4,1.2,0.6,0.2,0.8,8.8,8.4
2020-21,Playoffs,203953,81,Jabari Parker,1610612738,BOS,4,14.8,3.3,5.3,0.619,0.5,1.3,0.4,1.5,2.0,0.75,0.5,3.3,3.8,0.5,0.0,0.8,1.5,8.5,9.5
2020-21,Playoffs,203937,82,Kyle Anderson,1610612763,MEM,5,28.4,3.6,8.4,0.429,0.6,2.4,0.25,0.6,0.8,0.75,0.8,4.2,5.0,3.2,2.8,0.0,0.8,8.4,13.6
2020-21,Playoffs,1629661,83,Cameron Johnson,1610612756,PHX,21,21.1,2.6,5.2,0.5,1.6,3.5,0.446,1.4,1.5,0.906,0.8,2.4,3.1,0.8,0.9,0.2,0.7,8.2,9.7
2020-21,Playoffs,201587,84,Nicolas Batum,1610612746,LAC,19,29.2,2.8,5.7,0.486,1.5,3.8,0.389,1.0,1.2,0.826,1.0,4.5,5.5,2.1,1.3,0.5,0.3,8.1,13.9
2020-21,Playoffs,1628973,85,Jalen Brunson,1610612742,DAL,7,16.3,2.9,6.3,0.455,0.9,1.9,0.462,1.4,1.9,0.769,0.9,1.7,2.6,1.4,0.0,0.0,0.6,8.0,7.6
2020-21,Playoffs,1628971,86,Bruce Brown,1610612751,BKN,12,23.1,3.3,6.6,0.506,0.2,0.9,0.182,1.1,1.3,0.813,1.9,3.2,5.1,2.1,0.7,0.4,0.9,7.9,11.8
2020-21,Playoffs,101150,87,Lou Williams,1610612737,ATL,18,15.4,2.8,6.1,0.455,0.7,1.7,0.433,1.4,1.5,0.963,0.1,1.3,1.4,2.2,0.7,0.1,1.2,7.7,7.4
2020-21,Playoffs,1629611,88,Terance Mann,1610612746,LAC,19,19.9,2.8,5.5,0.519,0.8,1.9,0.432,1.1,1.5,0.714,0.9,1.8,2.7,0.7,0.5,0.3,0.2,7.6,8.6
2020-21,Playoffs,201577,89,Robin Lopez,1610612764,WAS,5,14.6,3.6,5.0,0.72,0.0,0.0,0.0,0.2,0.8,0.25,0.8,1.0,1.8,0.0,0.0,0.8,0.2,7.4,7.8
2020-21,Playoffs,1627788,90,Furkan Korkmaz,1610612755,PHI,12,16.3,2.5,6.1,0.411,1.2,3.7,0.318,0.8,1.2,0.714,0.3,1.7,2.0,0.6,0.6,0.3,0.4,7.0,6.1
2020-21,Playoffs,1626192,91,Pat Connaughton,1610612749,MIL,23,23.7,2.4,5.2,0.462,1.6,4.1,0.389,0.5,0.6,0.846,1.3,3.1,4.4,0.9,0.4,0.3,0.5,6.9,9.4
2020-21,Playoffs,202397,92,Ish Smith,1610612764,WAS,5,22.2,3.2,8.6,0.372,0.4,1.4,0.286,0.0,0.0,0.0,0.2,3.0,3.2,2.8,1.4,0.4,1.0,6.8,8.2
2020-21,Playoffs,1627854,93,Bryn Forbes,1610612749,MIL,20,13.7,2.3,5.6,0.411,1.7,4.5,0.371,0.3,0.4,0.75,0.1,1.3,1.4,0.3,0.1,0.1,0.4,6.6,4.7
2020-21,Playoffs,1629014,94,Anfernee Simons,1610612757,POR,6,17.8,2.3,4.2,0.56,1.8,3.0,0.611,0.0,0.0,0.0,0.5,2.2,2.7,0.8,0.3,0.2,0.2,6.5,8.5
2020-21,Playoffs,200794,95,Paul Millsap,1610612743,DEN,9,12.1,2.4,5.6,0.44,0.7,2.6,0.261,0.9,1.4,0.615,1.0,2.9,3.9,1.7,0.3,0.7,0.9,6.4,8.4
2020-21,Playoffs,1628960,96,Grayson Allen,1610612763,MEM,5,23.2,2.4,6.6,0.364,1.6,4.2,0.381,0.0,0.2,0.0,0.6,2.0,2.6,0.2,0.4,0.2,0.2,6.4,5.2
2020-21,Playoffs,1630167,96,Obi Toppin,1610612752,NYK,5,13.0,2.4,4.6,0.522,0.6,1.8,0.333,1.0,1.2,0.833,0.8,1.8,2.6,0.4,0.0,0.2,0.6,6.4,6.6
2020-21,Playoffs,203526,96,Raul Neto,1610612764,WAS,5,22.4,2.4,6.8,0.353,0.8,3.0,0.267,0.8,1.0,0.8,0.6,1.6,2.2,1.0,0.4,0.0,0.2,6.4,5.2
2020-21,Playoffs,1628398,99,Kyle Kuzma,1610612747,LAL,6,21.5,2.3,8.0,0.292,0.7,3.8,0.174,1.0,1.5,0.667,0.7,3.2,3.8,1.2,0.3,0.2,1.0,6.3,4.7
2020-21,Playoffs,1630178,99,Tyrese Maxey,1610612755,PHI,12,13.1,2.4,5.5,0.439,0.3,1.0,0.333,1.2,1.8,0.636,0.1,1.8,1.8,1.3,0.3,0.5,0.4,6.3,6.1
2020-21,Playoffs,1627826,101,Ivica Zubac,1610612746,LAC,17,17.7,2.0,3.4,0.596,0.0,0.0,0.0,2.3,2.9,0.796,2.5,3.3,5.8,0.4,0.1,0.7,0.9,6.3,10.5
2020-21,Playoffs,203473,102,Dewayne Dedmon,1610612748,MIA,4,14.3,2.5,4.5,0.556,0.3,0.8,0.333,1.0,1.3,0.8,2.0,2.5,4.5,0.8,0.0,0.5,1.5,6.3,8.3
2020-21,Playoffs,1629001,103,De'Anthony Melton,1610612763,MEM,5,16.6,2.2,6.2,0.355,1.2,4.0,0.3,0.6,1.0,0.6,0.8,2.4,3.2,1.0,0.2,0.8,0.6,6.2,6.4
2020-21,Playoffs,203484,103,Kentavious Caldwell-Pope,1610612747,LAL,5,29.2,2.2,5.8,0.379,0.8,3.8,0.211,1.0,1.0,1.0,0.4,2.4,2.8,1.0,1.0,0.0,0.4,6.2,7.0
2020-21,Playoffs,1627936,105,Alex Caruso,1610612747,LAL,6,20.2,2.3,6.3,0.368,0.8,2.8,0.294,0.3,0.3,1.0,0.3,1.0,1.3,0.5,0.2,0.7,1.2,5.8,3.3
2020-21,Playoffs,1630193,106,Immanuel Quickley,1610612752,NYK,5,15.4,2.0,6.6,0.303,0.8,2.2,0.364,1.0,1.4,0.714,0.0,1.4,1.4,1.0,0.6,0.0,1.2,5.8,2.6
2020-21,Playoffs,1630217,107,Desmond Bane,1610612763,MEM,5,19.8,2.2,3.8,0.579,1.2,2.4,0.5,0.0,0.0,0.0,0.4,3.0,3.4,2.0,0.8,0.4,0.6,5.6,10.0
2020-21,Playoffs,1628379,107,Luke Kennard,1610612746,LAC,15,14.6,2.1,4.3,0.477,1.4,3.4,0.412,0.1,0.1,0.5,0.3,0.6,0.9,0.5,0.1,0.0,0.2,5.6,4.6
2020-21,Playoffs,202083,109,Wesley Matthews,1610612747,LAL,6,18.3,1.7,5.5,0.303,1.2,4.2,0.28,1.0,1.0,1.0,0.8,0.8,1.7,0.3,0.3,0.0,0.0,5.5,4.0
2020-21,Playoffs,203210,110,JaMychal Green,1610612743,DEN,10,19.0,2.0,4.5,0.444,0.6,2.0,0.3,0.8,0.9,0.889,1.7,3.5,5.2,1.1,0.2,0.2,0.3,5.4,9.2
2020-21,Playoffs,1628467,111,Maxi Kleber,1610612742,DAL,7,26.7,1.7,4.3,0.4,1.1,2.9,0.4,0.7,1.0,0.714,0.7,2.9,3.6,1.4,0.4,0.0,0.1,5.3,7.7
2020-21,Playoffs,1629680,112,Matisse Thybulle,1610612755,PHI,12,18.3,2.1,4.3,0.481,0.9,2.8,0.324,0.2,0.4,0.4,0.3,1.1,1.4,0.3,1.3,0.9,0.2,5.3,6.5
2020-21,Playoffs,201188,113,Marc Gasol,1610612747,LAL,5,17.6,1.6,2.6,0.615,1.4,2.2,0.636,0.6,0.8,0.75,0.8,3.0,3.8,3.0,0.8,0.8,0.8,5.2,11.6
2020-21,Playoffs,201959,114,Taj Gibson,1610612752,NYK,5,27.6,2.4,4.0,0.6,0.0,0.0,0.0,0.2,0.2,1.0,3.2,3.8,7.0,0.8,1.6,1.0,0.6,5.0,13.2
2020-21,Playoffs,201976,115,Patrick Beverley,1610612746,LAC,17,19.0,1.7,4.0,0.426,0.8,2.2,0.351,0.7,0.8,0.857,0.6,1.8,2.4,1.4,0.7,0.7,0.2,4.9,7.5
2020-21,Playoffs,1626196,116,Josh Richardson,1610612742,DAL,7,13.4,1.6,4.0,0.393,0.4,1.4,0.3,1.3,1.3,1.0,0.4,1.1,1.6,0.7,0.3,0.0,0.9,4.9,4.1
2020-21,Playoffs,2772,117,Trevor Ariza,1610612748,MIA,4,24.0,1.8,5.8,0.304,1.3,4.3,0.294,0.0,0.0,0.0,0.5,5.3,5.8,0.5,0.8,0.3,0.8,4.8,7.3
2020-21,Playoffs,2730,118,Dwight Howard,1610612755,PHI,12,12.4,1.3,2.5,0.533,0.0,0.1,0.0,2.0,3.3,0.6,2.2,4.1,6.3,0.7,0.2,0.5,1.0,4.7,8.8
2020-21,Playoffs,201588,118,George Hill,1610612755,PHI,12,17.1,1.6,3.6,0.442,0.7,1.6,0.421,0.8,1.1,0.769,0.4,0.9,1.3,1.5,0.7,0.3,0.8,4.7,5.3
2020-21,Playoffs,1630210,118,Markus Howard,1610612743,DEN,9,12.4,1.7,4.1,0.405,1.2,2.9,0.423,0.1,0.2,0.5,0.1,0.7,0.8,0.4,0.0,0.1,0.0,4.7,3.4
2020-21,Playoffs,203457,121,Nerlens Noel,1610612752,NYK,5,18.4,1.0,2.0,0.5,0.0,0.0,0.0,2.6,3.2,0.813,2.0,2.0,4.0,0.2,0.8,0.6,0.8,4.6,7.8
2020-21,Playoffs,1629003,122,Shake Milton,1610612755,PHI,12,10.1,1.3,3.9,0.319,0.7,1.6,0.421,1.2,1.3,0.933,0.0,0.8,0.8,0.8,0.3,0.1,0.9,4.3,2.5
2020-21,Playoffs,200782,123,P.J. Tucker,1610612749,MIL,23,29.6,1.7,4.3,0.388,0.8,2.6,0.322,0.1,0.2,0.75,2.1,2.7,4.8,1.1,1.0,0.1,0.4,4.3,8.2
2020-21,Playoffs,1629013,124,Landry Shamet,1610612751,BKN,12,17.2,1.5,3.4,0.439,0.8,2.2,0.385,0.3,0.4,0.8,0.3,1.5,1.8,0.6,0.4,0.1,0.5,4.2,4.5
2020-21,Playoffs,203458,125,Alex Len,1610612764,WAS,5,8.4,1.6,2.8,0.571,0.0,0.0,0.0,0.8,1.4,0.571,0.8,1.4,2.2,0.4,0.2,0.0,0.2,4.0,4.8
2020-21,Playoffs,1628470,126,Torrey Craig,1610612756,PHX,22,12.1,1.5,3.4,0.427,0.7,1.7,0.405,0.4,0.6,0.615,0.9,2.0,2.9,0.4,0.0,0.4,0.5,4.0,5.0
2020-21,Playoffs,2738,127,Andre Iguodala,1610612748,MIA,4,17.8,1.5,2.8,0.545,0.8,1.8,0.429,0.0,0.0,0.0,0.8,2.3,3.0,1.3,1.0,0.5,1.3,3.8,7.0
2020-21,Playoffs,1628455,128,Mike James,1610612751,BKN,9,11.4,1.6,4.8,0.326,0.6,1.8,0.313,0.0,0.0,0.0,0.2,1.6,1.8,1.3,0.2,0.0,0.3,3.7,3.4
2020-21,Playoffs,1629684,129,Grant Williams,1610612738,BOS,5,11.4,1.2,2.4,0.5,0.4,0.8,0.5,0.6,0.6,1.0,0.6,1.4,2.0,0.8,0.2,0.8,0.2,3.4,5.8
2020-21,Playoffs,1630202,129,Payton Pritchard,1610612738,BOS,5,13.4,1.2,3.4,0.353,0.6,2.0,0.3,0.4,0.4,1.0,0.4,1.4,1.8,2.4,0.4,0.0,0.6,3.4,5.2
2020-21,Playoffs,202324,131,Derrick Favors,1610612762,UTA,11,13.2,1.5,2.1,0.696,0.0,0.0,0.0,0.5,0.8,0.556,1.7,2.5,4.2,0.3,0.2,0.9,0.5,3.4,7.4
2020-21,Playoffs,1630174,132,Aaron Nesmith,1610612738,BOS,5,15.0,1.0,3.6,0.278,0.8,2.8,0.286,0.4,0.4,1.0,0.4,2.2,2.6,0.2,0.2,0.2,0.4,3.2,3.4
2020-21,Playoffs,1627777,133,Georges Niang,1610612762,UTA,11,11.7,1.0,3.5,0.282,0.8,2.7,0.3,0.4,0.4,1.0,0.2,1.5,1.7,0.7,0.0,0.1,0.7,3.2,2.5
2020-21,Playoffs,1626145,134,Tyus Jones,1610612763,MEM,5,9.4,1.2,3.4,0.353,0.2,0.8,0.25,0.4,0.4,1.0,0.2,1.2,1.4,1.2,0.2,0.0,0.0,3.0,3.6
2020-21,Playoffs,203939,135,Dwight Powell,1610612742,DAL,7,7.4,1.0,1.1,0.875,0.0,0.0,0.0,0.7,0.9,0.833,0.7,1.1,1.9,0.9,0.3,0.0,0.1,2.7,5.3
2020-21,Playoffs,1630168,136,Onyeka Okongwu,1610612737,ATL,18,9.2,0.9,1.7,0.548,0.0,0.1,0.0,0.8,1.2,0.667,1.2,1.5,2.7,0.1,0.3,0.7,0.2,2.7,5.1
2020-21,Playoffs,1629651,137,Nic Claxton,1610612751,BKN,12,10.8,1.2,2.4,0.483,0.0,0.0,0.0,0.2,0.3,0.667,1.2,1.6,2.8,0.6,0.3,1.0,0.3,2.5,5.5
2020-21,Playoffs,1626161,137,Willie Cauley-Stein,1610612742,DAL,6,10.5,1.0,1.5,0.667,0.0,0.0,0.0,0.5,0.5,1.0,0.5,2.2,2.7,0.5,0.3,0.7,0.5,2.5,5.7
2020-21,Playoffs,1630173,139,Precious Achiuwa,1610612748,MIA,3,4.0,1.0,1.3,0.75,0.0,0.0,0.0,0.3,1.3,0.25,0.0,2.0,2.0,0.0,0.0,0.7,1.3,2.3,2.3
2020-21,Playoffs,202683,140,Enes Freedom,1610612757,POR,5,11.2,0.8,1.6,0.5,0.0,0.0,0.0,0.4,0.4,1.0,1.2,1.4,2.6,0.0,0.0,0.4,0.6,2.0,3.6
2020-21,Playoffs,1626178,140,Rondae Hollis-Jefferson,1610612757,POR,5,7.2,0.8,1.0,0.8,0.0,0.0,0.0,0.4,0.6,0.667,0.6,1.0,1.6,0.0,0.2,0.2,0.0,2.0,3.6
2020-21,Playoffs,1629216,142,Gabe Vincent,1610612748,MIA,3,4.7,0.7,1.0,0.667,0.3,0.7,0.5,0.0,0.0,0.0,0.0,0.3,0.3,0.7,0.0,0.0,0.3,1.7,2.0
2020-21,Playoffs,203524,143,Solomon Hill,1610612737,ATL,14,10.4,0.4,1.7,0.25,0.2,1.3,0.167,0.1,0.3,0.5,0.2,1.1,1.4,0.2,0.1,0.1,0.1,1.2,1.5
2020-21,Playoffs,1627885,144,Shaquille Harrison,1610612743,DEN,9,4.4,0.3,0.4,0.75,0.1,0.1,1.0,0.2,0.3,0.667,0.0,0.9,0.9,0.3,0.3,0.3,0.6,1.0,2.1
,,1630264,145,Anthony Gill,1610612764,WAS,4,8.3,0.0,0.8,0.0,0.0,0.3,0.0,0.0,0.0,0.0,0.3,0.8,1.0,0.0,0.0,0.0,0.8,0.0,-0.5
,,1629067,145,Isaac Bonga,1610612764,WAS,4,2.5,0.0,1.3,0.0,0.0,0.8,0.0,0.0,0.0,0.0,0.0,0.0,0.0,0.0,0.0,0.3,0.0,0.0,-1.0
,,1629671,145,Miye Oni,1610612762,UTA,8,5.1,0.0,0.6,0.0,0.0,0.6,0.0,0.0,0.0,0.0,0.4,0.0,0.4,0.0,0.1,0.0,0.0,0.0,-0.1
2021-22,Playoffs,203507,1,Giannis Antetokounmpo,1610612749,MIL,12,37.3,11.7,23.8,0.491,0.8,3.4,0.22,7.6,11.2,0.679,2.2,12.0,14.2,6.8,0.7,1.3,4.5,31.7,34.3
2021-22,Playoffs,1629029,1,Luka Doncic,1610612742,DAL,15,36.8,10.7,23.5,0.455,3.4,9.9,0.345,6.9,9.0,0.77,0.7,9.1,9.8,6.4,1.8,0.6,3.9,31.7,31.5
2021-22,Playoffs,203999,3,Nikola Jokic,1610612743,DEN,5,34.2,12.2,21.2,0.575,1.0,3.6,0.278,5.6,6.6,0.848,3.4,9.8,13.2,5.8,1.6,1.0,4.8,31.0,37.8
2021-22,Playoffs,202710,4,Jimmy Butler,1610612748,MIA,17,37.0,9.8,19.3,0.506,1.4,4.0,0.338,6.5,7.8,0.841,2.4,4.9,7.4,4.6,2.1,0.6,1.5,27.4,29.8
2021-22,Playoffs,201939,5,Stephen Curry,1610612744,GSW,22,34.7,9.2,20.0,0.459,4.1,10.4,0.397,4.9,5.9,0.829,0.5,4.7,5.2,5.9,1.3,0.4,2.6,27.4,25.7
2021-22,Playoffs,1629630,6,Ja Morant,1610612763,MEM,9,37.6,9.0,20.4,0.44,1.9,5.6,0.34,7.2,9.7,0.747,1.4,6.6,8.0,9.8,2.0,0.4,3.6,27.1,29.9
2021-22,Playoffs,1627742,7,Brandon Ingram,1610612740,NOP,6,39.3,9.3,19.7,0.475,1.8,4.5,0.407,6.5,7.8,0.83,0.7,5.5,6.2,6.2,0.7,0.3,3.8,27.0,24.8
2021-22,Playoffs,201142,8,Kevin Durant,1610612751,BKN,4,44.0,8.0,20.8,0.386,1.8,5.3,0.333,8.5,9.5,0.895,0.5,5.3,5.8,6.3,1.0,0.3,5.3,26.3,20.5
2021-22,Playoffs,1628369,9,Jayson Tatum,1610612738,BOS,24,41.0,8.4,19.7,0.426,3.2,8.2,0.393,5.7,7.1,0.8,1.0,5.7,6.7,6.2,1.2,0.9,4.2,25.6,23.7
2021-22,Playoffs,1628378,10,Donovan Mitchell,1610612762,UTA,6,38.3,8.8,22.2,0.398,1.7,8.0,0.208,6.2,7.0,0.881,1.0,3.3,4.3,5.7,0.7,0.5,2.7,25.5,19.8
2021-22,Playoffs,1630162,11,Anthony Edwards,1610612750,MIN,6,37.8,8.3,18.3,0.455,3.8,9.5,0.404,4.7,5.7,0.824,0.7,3.5,4.2,3.0,1.2,1.2,2.5,25.2,21.2
2021-22,Playoffs,203954,12,Joel Embiid,1610612755,PHI,10,38.5,7.8,16.1,0.484,0.7,3.3,0.212,7.3,8.9,0.82,2.1,8.6,10.7,2.1,0.4,0.8,3.2,23.6,24.5
2021-22,Playoffs,1626164,13,Devin Booker,1610612756,PHX,10,36.6,7.9,17.5,0.451,2.8,6.5,0.431,4.7,5.3,0.887,1.0,3.8,4.8,4.4,0.5,0.4,3.2,23.3,20.0
2021-22,Playoffs,1627759,14,Jaylen Brown,1610612738,BOS,24,38.3,8.2,17.5,0.47,2.5,6.7,0.373,4.2,5.5,0.763,1.4,5.5,6.9,3.5,1.1,0.4,3.1,23.1,21.5
2021-22,Playoffs,1627783,15,Pascal Siakam,1610612761,TOR,6,43.3,8.5,17.8,0.477,0.7,2.8,0.235,5.2,6.0,0.861,1.3,5.8,7.2,5.8,1.2,1.0,2.2,22.8,25.7
2021-22,Playoffs,203468,16,CJ McCollum,1610612740,NOP,6,39.0,8.2,20.8,0.392,2.8,8.5,0.333,3.0,4.3,0.692,1.8,4.8,6.7,4.8,0.7,0.8,2.5,22.2,18.7
2021-22,Playoffs,1626157,17,Karl-Anthony Towns,1610612750,MIN,6,37.0,6.5,13.3,0.488,1.7,3.7,0.455,7.2,8.3,0.86,1.8,9.0,10.8,2.2,0.7,2.0,4.5,21.8,25.0
2021-22,Playoffs,1628973,18,Jalen Brunson,1610612742,DAL,18,34.9,8.1,17.3,0.466,1.4,4.2,0.347,4.0,5.0,0.8,0.8,3.8,4.6,3.7,0.8,0.1,1.1,21.6,19.4
2021-22,Playoffs,202681,19,Kyrie Irving,1610612751,BKN,4,42.5,7.0,15.8,0.444,2.0,5.3,0.381,5.3,5.3,1.0,1.5,3.8,5.3,5.3,1.8,1.3,2.3,21.3,23.8
2021-22,Playoffs,1629631,20,De'Andre Hunter,1610612737,ATL,5,35.0,7.8,14.0,0.557,2.4,5.2,0.462,3.2,4.0,0.8,0.4,3.4,3.8,0.6,0.8,0.2,2.2,21.2,17.4
2021-22,Playoffs,201942,21,DeMar DeRozan,1610612741,CHI,5,40.6,7.8,19.0,0.411,0.0,1.8,0.0,5.2,6.0,0.867,0.2,5.2,5.4,4.8,1.8,0.4,2.2,20.8,19.0
2021-22,Playoffs,1630178,22,Tyrese Maxey,1610612755,PHI,12,40.4,7.3,15.2,0.484,2.2,5.8,0.377,3.9,4.2,0.94,0.5,3.0,3.5,3.9,0.8,0.2,1.8,20.8,19.3
2021-22,Playoffs,202696,23,Nikola Vucevic,1610612741,CHI,5,36.2,8.0,18.2,0.44,2.6,8.4,0.31,0.8,1.0,0.8,2.8,9.6,12.4,3.2,0.4,1.2,1.6,19.4,24.6
2021-22,Playoffs,203897,24,Zach LaVine,1610612741,CHI,4,38.3,6.8,15.8,0.429,2.3,6.0,0.375,3.5,3.8,0.933,0.0,5.3,5.3,6.0,0.8,0.3,3.0,19.3,19.3
2021-22,Playoffs,201950,25,Jrue Holiday,1610612749,MIL,12,38.6,7.4,19.6,0.379,2.1,6.6,0.316,2.2,2.6,0.839,1.0,4.6,5.6,6.5,1.8,0.6,2.8,19.1,18.1
2021-22,Playoffs,202691,26,Klay Thompson,1610612744,GSW,22,36.0,7.2,16.7,0.429,3.5,9.1,0.385,1.2,1.4,0.867,0.3,3.6,3.9,2.3,1.1,0.7,1.3,19.0,16.0
2021-22,Playoffs,1630217,27,Desmond Bane,1610612763,MEM,12,35.7,6.3,13.3,0.478,3.6,7.3,0.489,2.5,2.9,0.857,0.4,3.3,3.8,2.2,0.9,0.8,1.3,18.8,17.7
2021-22,Playoffs,201935,28,James Harden,1610612755,PHI,12,39.9,5.3,13.2,0.405,2.3,6.3,0.368,5.6,6.3,0.893,0.9,4.8,5.7,8.6,0.8,0.7,4.2,18.6,21.6
2021-22,Playoffs,202711,29,Bojan Bogdanovic,1610612762,UTA,6,35.7,6.5,13.5,0.481,1.8,5.5,0.333,3.2,4.0,0.792,0.5,3.7,4.2,1.7,0.3,0.0,2.0,18.0,14.3
2021-22,Playoffs,1629028,30,Deandre Ayton,1610612756,PHX,13,30.5,8.1,12.6,0.64,0.2,0.3,0.5,1.6,2.5,0.636,2.5,6.4,8.9,1.7,0.4,0.8,1.5,17.9,22.8
2021-22,Playoffs,101108,31,Chris Paul,1610612756,PHX,13,34.5,6.7,11.9,0.561,1.5,3.8,0.388,2.7,2.8,0.946,0.5,3.6,4.2,8.3,1.5,0.2,2.4,17.5,23.8
2021-22,Playoffs,203903,32,Jordan Clarkson,1610612762,UTA,6,28.3,6.7,12.2,0.548,1.5,4.0,0.375,2.7,3.0,0.889,0.8,2.3,3.2,1.3,0.5,0.2,1.7,17.5,15.2
2021-22,Playoffs,1628384,33,OG Anunoby,1610612761,TOR,6,36.2,6.5,13.7,0.476,2.3,6.8,0.341,2.0,2.7,0.75,1.2,2.8,4.0,2.5,1.0,0.2,1.7,17.3,15.5
2021-22,Playoffs,1629673,34,Jordan Poole,1610612744,GSW,22,27.5,5.9,11.5,0.508,2.3,5.8,0.391,3.0,3.2,0.915,0.5,2.4,2.8,3.8,0.8,0.4,2.4,17.0,16.3
2021-22,Playoffs,202699,35,Tobias Harris,1610612755,PHI,12,38.8,6.8,13.5,0.5,1.8,4.8,0.386,1.6,1.8,0.864,0.8,6.8,7.6,2.9,1.1,0.8,1.5,16.9,20.8
2021-22,Playoffs,203952,36,Andrew Wiggins,1610612744,GSW,22,34.9,6.5,13.9,0.469,1.6,4.8,0.333,1.9,3.0,0.646,2.5,5.0,7.5,1.8,1.0,1.0,1.4,16.5,18.1
2021-22,Playoffs,203935,37,Marcus Smart,1610612738,BOS,21,36.2,5.4,13.3,0.405,2.3,6.5,0.35,2.4,3.0,0.806,1.0,3.6,4.5,5.9,1.2,0.2,2.5,15.4,16.3
2021-22,Playoffs,1628991,38,Jaren Jackson Jr.,1610612763,MEM,12,27.7,4.9,13.0,0.378,2.3,6.0,0.375,3.3,4.4,0.755,2.2,4.6,6.8,0.9,0.8,2.5,1.4,15.4,15.8
2021-22,Playoffs,1629027,39,Trae Young,1610612737,ATL,5,37.4,4.4,13.8,0.319,1.4,7.6,0.184,5.2,6.6,0.788,1.0,4.0,5.0,6.0,0.6,0.0,6.2,15.4,10.0
2021-22,Playoffs,1629018,40,Gary Trent Jr.,1610612761,TOR,6,33.2,5.2,13.7,0.378,2.2,6.5,0.333,2.8,3.2,0.895,0.2,1.5,1.7,1.3,1.0,0.5,0.5,15.3,10.5
2021-22,Playoffs,1628389,41,Bam Adebayo,1610612748,MIA,18,34.1,5.8,9.7,0.594,0.0,0.1,0.0,3.2,4.2,0.763,2.1,5.9,8.0,2.7,1.0,0.7,2.1,14.8,20.1
2021-22,Playoffs,1628415,42,Dillon Brooks,1610612763,MEM,11,30.5,5.5,15.6,0.349,2.3,6.5,0.347,1.5,2.3,0.64,0.7,2.0,2.7,2.7,1.0,0.3,2.0,14.6,8.4
2021-22,Playoffs,202685,43,Jonas Valanciunas,1610612740,NOP,6,29.2,5.5,11.3,0.485,0.2,1.0,0.167,3.3,4.3,0.769,5.5,8.8,14.3,3.0,0.7,0.2,2.0,14.5,23.8
2021-22,Playoffs,203552,43,Seth Curry,1610612751,BKN,4,33.0,5.5,9.8,0.564,3.0,5.8,0.522,0.5,0.8,0.667,0.5,2.0,2.5,3.0,0.3,0.8,0.8,14.5,15.8
2021-22,Playoffs,203992,45,Bogdan Bogdanovic,1610612737,ATL,4,26.8,5.0,12.3,0.408,2.3,6.5,0.346,2.0,2.5,0.8,1.0,3.8,4.8,3.0,0.3,0.3,1.0,14.3,13.8
2021-22,Playoffs,203915,46,Spencer Dinwiddie,1610612742,DAL,18,27.8,4.4,10.7,0.417,2.2,5.3,0.417,3.1,3.7,0.821,0.4,2.0,2.4,3.6,0.8,0.3,1.6,14.2,12.9
2021-22,Playoffs,1628971,47,Bruce Brown,1610612751,BKN,4,34.8,5.3,9.3,0.568,1.5,3.5,0.429,2.0,2.5,0.8,1.5,3.3,4.8,2.8,1.3,0.8,2.3,14.0,16.8
2021-22,Playoffs,1628420,47,Monte Morris,1610612743,DEN,5,31.2,5.0,10.2,0.49,2.2,5.2,0.423,1.8,2.4,0.75,0.2,2.0,2.2,5.4,1.2,0.0,1.6,14.0,15.4
2021-22,Playoffs,203932,49,Aaron Gordon,1610612743,DEN,5,32.0,4.6,10.8,0.426,0.6,3.0,0.2,4.0,5.6,0.714,3.6,3.6,7.2,2.6,0.4,1.2,1.6,13.8,15.8
2021-22,Playoffs,203115,49,Will Barton,1610612743,DEN,5,34.4,5.4,13.2,0.409,2.2,5.6,0.393,0.8,1.2,0.667,1.0,4.6,5.6,2.8,0.8,0.2,2.0,13.8,13.0
2021-22,Playoffs,1628969,51,Mikal Bridges,1610612756,PHX,13,38.5,5.1,10.6,0.478,1.0,2.5,0.394,2.2,2.3,0.933,0.9,3.8,4.7,2.8,1.1,1.0,0.8,13.3,16.4
2021-22,Playoffs,1629639,52,Tyler Herro,1610612748,MIA,15,25.4,4.9,12.1,0.409,1.1,4.7,0.229,1.7,1.8,0.926,0.5,3.4,3.9,2.8,0.6,0.4,1.8,12.6,11.2
2021-22,Playoffs,1629634,53,Brandon Clarke,1610612763,MEM,12,24.7,4.7,7.6,0.615,0.0,0.1,0.0,3.0,4.5,0.667,3.1,3.8,6.9,2.0,0.8,0.8,1.0,12.3,17.4
2021-22,Playoffs,201143,54,Al Horford,1610612738,BOS,23,35.4,4.4,8.4,0.523,2.0,4.3,0.48,1.2,1.6,0.778,1.5,7.8,9.3,3.3,0.8,1.3,1.3,12.0,21.2
2021-22,Playoffs,1626156,55,D'Angelo Russell,1610612750,MIN,6,32.7,4.0,12.0,0.333,2.0,5.2,0.387,2.0,2.7,0.75,0.0,2.5,2.5,6.7,1.5,0.0,2.8,12.0,11.2
2021-22,Playoffs,203497,55,Rudy Gobert,1610612762,UTA,6,32.8,3.5,5.5,0.636,0.0,0.0,0.0,5.0,7.3,0.682,3.5,9.7,13.2,0.5,0.2,1.0,1.3,12.0,21.2
2021-22,Playoffs,1630172,57,Patrick Williams,1610612741,CHI,5,30.6,4.4,9.4,0.468,1.4,4.2,0.333,1.6,2.2,0.727,1.2,4.2,5.4,0.8,1.0,0.6,1.4,11.8,12.6
2021-22,Playoffs,1627827,58,Dorian Finney-Smith,1610612742,DAL,18,38.2,4.1,8.7,0.471,2.6,6.0,0.426,0.9,1.3,0.708,1.8,3.7,5.5,1.9,0.9,0.4,1.0,11.7,14.5
2021-22,Playoffs,1628449,59,Chris Boucher,1610612761,TOR,6,21.7,4.3,7.0,0.619,1.0,2.5,0.4,1.5,1.7,0.9,2.0,3.8,5.8,0.2,0.2,1.2,0.3,11.2,15.3
2021-22,Playoffs,201976,60,Patrick Beverley,1610612750,MIN,6,32.3,3.5,8.2,0.429,1.5,4.3,0.346,2.5,3.7,0.682,0.7,2.5,3.2,4.8,1.2,1.2,2.0,11.0,13.5
2021-22,Playoffs,1629622,61,Max Strus,1610612748,MIA,18,29.1,3.8,10.1,0.374,2.6,7.9,0.331,0.7,1.0,0.722,0.8,3.2,4.1,2.1,0.8,0.4,1.1,10.9,10.6
2021-22,Playoffs,1629661,62,Cameron Johnson,1610612756,PHX,13,24.6,3.5,7.6,0.465,1.7,4.5,0.373,2.0,2.5,0.813,0.7,2.8,3.5,1.5,0.4,0.1,0.9,10.8,10.8
2021-22,Playoffs,1630529,63,Herbert Jones,1610612740,NOP,6,37.7,3.5,7.3,0.477,0.8,2.0,0.417,2.8,3.7,0.773,1.3,2.0,3.3,1.8,1.8,0.8,1.3,10.7,12.5
2021-22,Playoffs,202326,64,DeMarcus Cousins,1610612743,DEN,5,11.4,3.8,5.8,0.655,0.8,1.2,0.667,2.2,3.0,0.733,0.6,2.8,3.4,1.2,0.6,0.2,1.4,10.6,11.8
2021-22,Playoffs,203506,64,Victor Oladipo,1610612748,MIA,15,24.5,3.3,9.1,0.368,1.1,4.1,0.274,2.8,3.5,0.792,0.3,3.1,3.4,2.1,1.3,0.3,1.7,10.6,9.5
2021-22,Playoffs,1626171,66,Bobby Portis,1610612749,MIL,12,24.8,4.0,9.6,0.417,1.2,3.9,0.298,1.4,1.8,0.773,2.1,7.9,10.0,0.8,0.4,0.3,1.3,10.6,14.7
2021-22,Playoffs,201572,66,Brook Lopez,1610612749,MIL,12,27.7,4.2,8.5,0.49,0.5,2.3,0.214,1.8,1.9,0.913,2.3,3.7,5.9,0.7,0.5,1.5,0.9,10.6,13.8
2021-22,Playoffs,203493,68,Reggie Bullock Jr.,1610612742,DAL,18,39.3,3.4,8.4,0.404,2.9,7.3,0.397,0.9,1.0,0.889,0.4,4.1,4.6,1.7,1.2,0.1,0.4,10.6,12.5
2021-22,Playoffs,201609,69,Goran Dragic,1610612751,BKN,4,19.8,4.5,8.0,0.563,1.0,3.0,0.333,0.5,0.5,1.0,1.5,3.0,4.5,1.5,0.8,0.0,1.3,10.5,12.5
2021-22,Playoffs,1629651,69,Nic Claxton,1610612751,BKN,4,24.5,4.8,6.0,0.792,0.0,0.0,0.0,1.0,5.5,0.182,1.8,4.5,6.3,1.5,1.3,2.3,0.5,10.5,15.5
2021-22,Playoffs,201568,71,Danilo Gallinari,1610612737,ATL,5,22.4,3.6,9.0,0.4,0.8,3.0,0.267,2.2,2.2,1.0,0.4,3.8,4.2,0.8,0.2,0.0,1.0,10.2,9.0
2021-22,Playoffs,1630173,72,Precious Achiuwa,1610612761,TOR,6,27.8,4.2,8.7,0.481,0.8,2.7,0.313,1.0,1.7,0.6,1.3,3.5,4.8,1.0,0.2,0.8,1.5,10.2,10.3
2021-22,Playoffs,1626192,73,Pat Connaughton,1610612749,MIL,12,26.5,3.5,7.3,0.477,2.1,5.3,0.391,0.4,0.4,1.0,0.3,4.0,4.3,0.9,0.4,0.3,0.6,9.5,11.0
2021-22,Playoffs,1628381,74,John Collins,1610612737,ATL,5,24.4,3.8,7.8,0.487,0.8,2.2,0.364,1.0,2.0,0.5,0.4,4.2,4.6,1.2,0.4,0.2,1.0,9.4,9.8
2021-22,Playoffs,203109,75,Jae Crowder,1610612756,PHX,13,29.5,3.2,8.1,0.4,1.5,4.8,0.302,1.5,2.0,0.731,0.6,4.1,4.7,2.4,1.0,0.5,1.5,9.4,11.2
2021-22,Playoffs,1630183,76,Jaden McDaniels,1610612750,MIN,6,21.7,3.0,5.7,0.529,1.7,3.3,0.5,1.7,2.0,0.833,0.8,2.0,2.8,0.7,0.3,1.8,1.0,9.3,11.0
2021-22,Playoffs,1630538,77,Bones Hyland,1610612743,DEN,5,17.4,2.6,7.2,0.361,1.6,4.6,0.348,2.4,2.8,0.857,0.2,1.8,2.0,3.2,0.2,0.0,1.2,9.2,8.4
2021-22,Playoffs,1628989,77,Kevin Huerter,1610612737,ATL,5,30.8,3.4,9.4,0.362,1.8,6.2,0.29,0.6,0.8,0.75,0.2,2.8,3.0,3.8,1.2,0.6,2.2,9.2,9.4
2021-22,Playoffs,1626204,79,Larry Nance Jr.,1610612740,NOP,6,21.7,3.7,6.5,0.564,0.3,1.5,0.222,1.5,1.8,0.818,3.2,2.7,5.8,1.8,0.5,0.3,1.0,9.2,13.5
2021-22,Playoffs,201144,79,Mike Conley,1610612762,UTA,6,29.0,3.2,9.5,0.333,0.8,4.2,0.2,2.0,2.5,0.8,0.3,2.8,3.2,4.8,0.8,0.3,2.2,9.2,9.3
2021-22,Playoffs,1626145,79,Tyus Jones,1610612763,MEM,12,21.8,3.3,8.3,0.394,1.5,3.8,0.4,1.2,1.3,0.933,0.3,2.9,3.3,4.5,1.2,0.2,1.1,9.2,12.1
2021-22,Playoffs,1628467,82,Maxi Kleber,1610612742,DAL,18,25.4,3.0,5.9,0.509,1.9,4.3,0.436,0.8,1.2,0.714,0.8,3.7,4.6,1.1,0.2,0.8,0.6,8.7,11.6
2021-22,Playoffs,1629684,83,Grant Williams,1610612738,BOS,24,27.3,2.7,6.3,0.433,1.5,3.7,0.393,1.8,2.2,0.808,1.0,2.8,3.8,0.8,0.3,0.8,0.8,8.6,9.5
2021-22,Playoffs,201980,84,Danny Green,1610612755,PHI,12,26.6,3.0,7.4,0.404,2.6,6.3,0.408,0.0,0.1,0.0,0.8,2.3,3.1,0.8,1.0,0.3,1.1,8.6,8.3
2021-22,Playoffs,1628401,85,Derrick White,1610612738,BOS,23,25.4,2.8,7.7,0.364,1.1,3.6,0.313,1.8,2.2,0.824,0.3,2.7,3.0,2.7,0.9,0.6,1.3,8.5,9.2
2021-22,Playoffs,1627736,86,Malik Beasley,1610612750,MIN,6,19.8,3.2,7.3,0.432,1.3,4.2,0.32,0.8,1.0,0.833,0.3,3.0,3.3,0.7,0.3,0.2,1.2,8.5,7.5
2021-22,Playoffs,1629632,87,Coby White,1610612741,CHI,5,19.6,3.0,9.0,0.333,1.6,5.8,0.276,0.8,1.0,0.8,0.0,3.4,3.4,1.8,0.2,0.0,1.2,8.4,6.4
2021-22,Playoffs,1628960,88,Grayson Allen,1610612749,MIL,12,25.4,3.1,6.8,0.451,1.6,4.0,0.396,0.6,0.9,0.636,0.4,2.5,2.9,1.3,0.7,0.3,0.8,8.3,8.7
2021-22,Playoffs,1626153,89,Delon Wright,1610612737,ATL,5,27.4,3.0,5.8,0.517,1.0,2.6,0.385,1.2,1.8,0.667,2.2,2.6,4.8,2.8,0.8,0.2,1.0,8.2,12.4
2021-22,Playoffs,203110,90,Draymond Green,1610612744,GSW,22,32.0,3.1,6.5,0.479,0.4,1.8,0.205,1.4,2.1,0.638,1.2,6.0,7.2,6.3,1.1,1.0,2.7,8.0,16.8
2021-22,Playoffs,1629216,90,Gabe Vincent,1610612748,MIA,18,23.5,2.8,7.3,0.382,1.4,4.5,0.309,1.1,1.1,0.95,0.2,1.8,1.9,3.2,0.8,0.3,1.4,8.0,8.2
2021-22,Playoffs,1630631,90,Jose Alvarado,1610612740,NOP,6,19.5,2.7,5.5,0.485,1.0,2.7,0.375,1.7,2.2,0.769,0.3,1.0,1.3,1.5,1.2,0.2,1.2,8.0,7.7
2021-22,Playoffs,200782,93,P.J. Tucker,1610612748,MIA,18,28.3,3.0,6.1,0.495,1.3,2.8,0.451,0.6,0.9,0.688,1.9,3.7,5.7,1.8,0.8,0.3,0.7,7.9,12.3
2021-22,Playoffs,1629057,94,Robert Williams III,1610612738,BOS,17,23.2,3.1,4.6,0.679,0.0,0.1,0.0,1.5,1.6,0.893,2.5,3.6,6.2,1.0,0.7,2.2,0.6,7.7,15.6
2021-22,Playoffs,1630533,95,Ziaire Williams,1610612763,MEM,10,16.8,2.3,5.2,0.442,1.1,3.6,0.306,1.2,1.3,0.923,0.4,1.2,1.6,0.5,0.5,0.0,0.2,6.9,6.3
2021-22,Playoffs,201580,96,JaVale McGee,1610612756,PHX,12,11.1,2.9,4.2,0.7,0.0,0.1,0.0,0.9,1.1,0.846,1.3,2.7,4.0,0.6,0.3,0.4,0.8,6.8,9.8
2021-22,Playoffs,1627936,97,Alex Caruso,1610612741,CHI,4,28.3,2.3,5.8,0.391,1.8,4.5,0.389,0.0,0.0,0.0,0.5,2.3,2.8,4.3,1.3,1.0,0.3,6.3,11.8
2021-22,Playoffs,201988,97,Patty Mills,1610612751,BKN,4,18.0,2.3,4.0,0.563,1.8,3.3,0.538,0.0,0.0,0.0,0.0,1.0,1.0,0.0,0.0,0.3,0.3,6.3,5.5
2021-22,Playoffs,1629162,99,Jordan McLaughlin,1610612750,MIN,5,16.6,2.4,3.4,0.706,0.8,1.4,0.571,0.6,0.8,0.75,0.0,2.4,2.4,3.4,1.0,0.0,0.4,6.2,11.4
2021-22,Playoffs,1626220,100,Royce O'Neale,1610612762,UTA,6,31.3,2.3,5.8,0.4,1.2,4.2,0.28,0.3,0.3,1.0,1.0,4.7,5.7,1.5,0.5,0.2,0.5,6.2,10.0
2021-22,Playoffs,202083,100,Wesley Matthews,1610612749,MIL,12,28.8,2.1,5.3,0.391,1.5,3.8,0.4,0.5,0.8,0.667,0.8,2.3,3.1,1.2,0.8,0.3,0.5,6.2,7.4
2021-22,Playoffs,203937,102,Kyle Anderson,1610612763,MEM,12,18.4,2.4,4.3,0.569,0.3,1.0,0.25,0.9,1.5,0.611,0.8,3.5,4.3,1.8,0.9,0.6,0.8,6.0,10.3
2021-22,Playoffs,1627752,102,Taurean Prince,1610612750,MIN,5,13.0,2.0,5.4,0.37,0.8,2.8,0.286,1.2,1.4,0.857,0.2,1.4,1.6,1.2,0.4,0.2,0.8,6.0,5.0
2021-22,Playoffs,1629637,104,Jaxson Hayes,1610612740,NOP,6,13.8,2.3,4.2,0.56,0.0,0.5,0.0,1.2,1.8,0.636,0.7,1.8,2.5,0.2,0.0,0.3,0.7,5.8,5.7
2021-22,Playoffs,1626172,105,Kevon Looney,1610612744,GSW,22,20.4,2.6,4.0,0.659,0.0,0.0,0.0,0.5,0.8,0.611,2.9,4.8,7.6,2.2,0.4,0.5,0.9,5.8,13.9
2021-22,Playoffs,1629130,106,Duncan Robinson,1610612748,MIA,13,12.2,1.9,4.4,0.439,1.4,3.6,0.383,0.4,0.5,0.833,0.2,1.6,1.8,0.4,0.3,0.1,0.2,5.6,5.4
2021-22,Playoffs,1629001,107,De'Anthony Melton,1610612763,MEM,10,17.0,2.1,6.5,0.323,1.1,4.4,0.25,0.3,0.4,0.75,0.9,2.2,3.1,1.6,1.0,0.5,1.4,5.6,5.9
2021-22,Playoffs,1629020,108,Jarred Vanderbilt,1610612750,MIN,6,21.5,2.2,4.5,0.481,0.0,0.0,0.0,1.2,1.7,0.7,2.0,5.2,7.2,0.7,1.2,0.3,0.8,5.5,11.2
2021-22,Playoffs,203490,109,Otto Porter Jr.,1610612744,GSW,19,19.5,2.0,4.1,0.494,1.0,2.5,0.404,0.4,0.5,0.778,0.6,2.8,3.4,1.8,0.9,0.3,0.6,5.4,9.0
2021-22,Playoffs,1630168,110,Onyeka Okongwu,1610612737,ATL,5,21.6,1.8,3.2,0.563,0.0,0.0,0.0,1.6,2.0,0.8,2.2,3.2,5.4,0.4,0.8,0.8,0.8,5.2,10.0
2021-22,Playoffs,1630228,111,Jonathan Kuminga,1610612744,GSW,16,8.6,1.9,3.8,0.5,0.2,0.8,0.231,1.3,1.6,0.769,0.3,1.4,1.7,0.5,0.2,0.1,0.7,5.2,4.8
2021-22,Playoffs,1630530,112,Trey Murphy III,1610612740,NOP,6,20.0,1.5,3.7,0.409,1.5,3.2,0.474,0.7,0.8,0.8,0.5,2.0,2.5,0.5,0.5,0.2,0.2,5.2,6.3
2021-22,Playoffs,1629003,113,Shake Milton,1610612755,PHI,12,13.2,1.5,3.2,0.474,0.7,1.3,0.533,1.3,1.7,0.8,0.3,1.3,1.6,0.9,0.5,0.3,0.4,5.0,5.8
2021-22,Playoffs,1627777,114,Georges Niang,1610612755,PHI,12,16.5,1.7,4.0,0.417,1.3,3.6,0.372,0.2,0.2,1.0,0.3,1.2,1.5,0.9,0.3,0.0,0.6,4.8,4.6
2021-22,Playoffs,1629675,115,Naz Reid,1610612750,MIN,5,10.8,1.4,3.4,0.412,0.6,1.4,0.429,1.4,1.4,1.0,0.4,2.4,2.8,0.0,0.2,1.2,1.0,4.8,6.0
2021-22,Playoffs,1630202,116,Payton Pritchard,1610612738,BOS,24,12.9,1.8,4.3,0.422,1.0,3.0,0.333,0.2,0.3,0.667,0.4,1.5,1.9,1.6,0.3,0.1,0.4,4.8,5.7
2021-22,Playoffs,1628997,117,Caleb Martin,1610612748,MIA,17,12.3,1.9,4.7,0.4,0.6,1.9,0.303,0.1,0.4,0.333,0.7,1.5,2.2,0.3,0.6,0.1,0.6,4.5,4.0
2021-22,Playoffs,1630214,118,Xavier Tillman,1610612763,MEM,9,15.4,2.0,2.8,0.72,0.1,0.2,0.5,0.3,0.7,0.5,1.4,1.9,3.3,0.7,0.7,0.1,1.1,4.4,7.0
2021-22,Playoffs,1627863,119,Danuel House Jr.,1610612762,UTA,6,18.7,1.5,3.7,0.409,0.3,1.7,0.2,1.0,1.3,0.75,0.3,2.5,2.8,0.7,0.0,0.2,1.0,4.3,4.5
2021-22,Playoffs,1629013,119,Landry Shamet,1610612756,PHX,12,16.0,1.6,4.0,0.396,0.8,2.2,0.346,0.4,0.6,0.714,0.3,1.4,1.7,1.3,0.5,0.0,0.6,4.3,4.6
2021-22,Playoffs,203085,121,Austin Rivers,1610612743,DEN,5,21.6,1.6,3.6,0.444,0.8,2.4,0.333,0.2,0.2,1.0,0.0,0.6,0.6,1.2,1.4,0.2,0.8,4.2,4.8
2021-22,Playoffs,1626166,122,Cameron Payne,1610612756,PHX,13,13.2,1.7,5.7,0.297,0.4,2.3,0.167,0.4,0.5,0.833,0.2,1.4,1.5,2.1,0.5,0.1,1.0,4.2,3.3
2021-22,Playoffs,202722,123,Davis Bertans,1610612742,DAL,18,10.7,1.2,3.1,0.4,1.1,2.8,0.373,0.6,0.7,0.833,0.2,1.2,1.4,0.3,0.4,0.1,0.2,4.1,4.3
2021-22,Playoffs,1630245,124,Ayo Dosunmu,1610612741,CHI,5,17.2,1.6,5.2,0.308,0.6,2.6,0.231,0.2,0.2,1.0,0.8,1.8,2.6,2.2,0.2,0.0,0.6,4.0,4.8
2021-22,Playoffs,1627854,124,Bryn Forbes,1610612743,DEN,5,15.2,1.2,3.0,0.4,0.8,2.2,0.364,0.8,1.0,0.8,0.2,0.4,0.6,1.4,0.2,0.0,0.4,4.0,3.8
2021-22,Playoffs,1628984,124,Devonte' Graham,1610612740,NOP,6,10.0,1.0,3.0,0.333,0.8,2.3,0.357,1.2,1.3,0.875,0.3,1.2,1.5,0.7,0.2,0.2,0.7,4.0,3.7
2021-22,Playoffs,203210,124,JaMychal Green,1610612743,DEN,5,13.8,1.2,3.2,0.375,0.2,1.0,0.2,1.4,1.4,1.0,0.6,1.8,2.4,0.4,0.0,0.2,0.4,4.0,4.6
2021-22,Playoffs,1627884,128,Derrick Jones Jr.,1610612741,CHI,5,11.8,1.4,3.4,0.412,0.6,2.2,0.273,0.4,0.6,0.667,0.6,0.8,1.4,0.4,0.2,0.0,0.6,3.8,3.0
2021-22,Playoffs,201145,128,Jeff Green,1610612743,DEN,5,22.6,1.2,3.4,0.353,0.6,1.6,0.375,0.8,1.0,0.8,1.4,2.2,3.6,0.4,0.6,0.4,0.4,3.8,6.0
2021-22,Playoffs,203473,130,Dewayne Dedmon,1610612748,MIA,14,9.9,1.5,3.2,0.467,0.1,0.7,0.1,0.7,0.9,0.833,1.1,1.9,3.0,0.4,0.1,0.2,0.5,3.8,5.1
2021-22,Playoffs,203083,131,Andre Drummond,1610612751,BKN,4,15.0,1.5,2.8,0.545,0.0,0.0,0.0,0.8,1.3,0.6,0.8,2.3,3.0,0.8,1.3,0.8,1.5,3.8,6.3
2021-22,Playoffs,1630194,132,Paul Reed,1610612755,PHI,12,11.7,1.6,3.0,0.528,0.2,0.3,0.667,0.3,0.6,0.571,1.8,2.0,3.8,0.8,0.8,0.5,0.8,3.7,7.2
2021-22,Playoffs,201152,133,Thaddeus Young,1610612761,TOR,6,14.5,1.5,3.0,0.5,0.2,1.2,0.143,0.2,0.7,0.25,1.2,1.8,3.0,1.7,0.8,0.2,0.5,3.3,6.5
2021-22,Playoffs,203939,134,Dwight Powell,1610612742,DAL,18,13.8,1.2,1.9,0.629,0.0,0.1,0.0,0.8,1.3,0.609,0.9,1.7,2.6,0.2,0.2,0.3,0.5,3.2,4.8
2021-22,Playoffs,1627788,135,Furkan Korkmaz,1610612755,PHI,9,6.8,1.2,2.6,0.478,0.4,1.1,0.4,0.2,0.2,1.0,0.1,1.2,1.3,0.4,0.1,0.1,0.2,3.1,3.6
2021-22,Playoffs,203920,136,Khem Birch,1610612761,TOR,6,10.5,1.3,2.7,0.5,0.3,0.7,0.5,0.0,0.0,0.0,0.7,0.8,1.5,0.5,0.2,0.2,0.5,3.0,3.5
2021-22,Playoffs,1629680,136,Matisse Thybulle,1610612755,PHI,9,15.2,1.2,2.7,0.458,0.4,1.6,0.286,0.1,0.3,0.333,0.2,0.8,1.0,0.4,0.8,0.8,0.2,3.0,4.1
2021-22,Playoffs,1630230,136,Naji Marshall,1610612740,NOP,6,9.3,1.2,1.7,0.7,0.0,0.0,0.0,0.7,0.7,1.0,0.5,0.5,1.0,0.8,0.2,0.2,0.5,3.0,4.2
2021-22,Playoffs,1627823,139,Juancho Hernangomez,1610612762,UTA,6,9.3,0.8,3.0,0.278,0.7,2.0,0.333,0.0,0.0,0.0,0.3,1.7,2.0,0.8,0.3,0.0,0.3,2.3,3.0
2021-22,Playoffs,1628975,140,Jevon Carter,1610612749,MIL,11,11.5,0.8,1.7,0.474,0.3,0.6,0.429,0.2,0.2,1.0,0.3,1.2,1.5,0.9,0.7,0.0,0.5,2.1,3.7
2021-22,Playoffs,1627814,141,Damion Lee,1610612744,GSW,16,7.8,0.8,2.1,0.382,0.3,1.0,0.25,0.1,0.2,0.667,0.3,1.3,1.6,0.4,0.1,0.0,0.4,2.0,2.4
2021-22,Playoffs,202355,142,Hassan Whiteside,1610612762,UTA,6,10.8,0.8,2.0,0.417,0.0,0.0,0.0,0.2,0.7,0.25,1.3,3.8,5.2,0.0,0.3,1.3,0.0,1.8,7.0
2021-22,Playoffs,1630182,143,Josh Green,1610612742,DAL,16,7.6,0.5,1.8,0.286,0.3,1.4,0.227,0.1,0.5,0.25,0.1,0.7,0.8,0.4,0.3,0.0,0.0,1.4,1.3
2021-22,Playoffs,1629750,144,Javonte Green,1610612741,CHI,5,14.4,0.6,3.4,0.176,0.0,1.2,0.0,0.2,0.4,0.5,1.6,1.4,3.0,0.4,1.8,0.0,0.8,1.4,2.8
,,1627789,145,Timothe Luwawu-Cabarrot,1610612737,ATL,4,5.5,0.5,1.0,0.5,0.3,0.8,0.333,0.0,0.0,0.0,0.0,0.8,0.8,0.5,0.0,0.0,0.3,1.3,1.8
,,202684,146,Tristan Thompson,1610612741,CHI,5,7.6,0.4,1.0,0.4,0.0,0.0,0.0,0.0,0.0,0.0,0.4,1.2,1.6,0.4,0.2,0.0,1.0,0.8,1.4
,,1630267,147,Facundo Campazzo,1610612743,DEN,4,3.3,0.0,0.5,0.0,0.0,0.5,0.0,0.0,0.0,0.0,0.0,0.8,0.8,0.5,0.0,0.0,0.5,0.0,0.3
,,1630201,147,Malachi Flynn,1610612761,TOR,6,6.0,0.0,1.2,0.0,0.0,0.5,0.0,0.0,0.0,0.0,0.3,0.2,0.5,0.5,0.2,0.0,0.2,0.0,-0.2
2022-23,Playoffs,1626164,1,Devin Booker,1610612756,PHX,11,41.7,12.8,21.9,0.585,2.8,5.5,0.508,5.3,6.1,0.866,1.1,3.7,4.8,7.2,1.7,0.8,2.9,33.7,35.5
2022-23,Playoffs,1630162,2,Anthony Edwards,1610612750,MIN,5,39.8,11.0,22.8,0.482,3.0,8.6,0.349,6.6,7.8,0.846,0.6,4.4,5.0,5.2,1.8,2.0,1.6,31.6,31.0
2022-23,Playoffs,201939,3,Stephen Curry,1610612744,GSW,13,37.9,11.2,23.9,0.466,4.4,12.1,0.363,3.8,4.5,0.845,0.7,4.5,5.2,6.1,1.0,0.5,3.2,30.5,26.5
2022-23,Playoffs,203999,4,Nikola Jokic,1610612743,DEN,20,39.5,11.4,20.7,0.548,1.8,3.8,0.461,5.6,7.0,0.799,3.5,10.0,13.5,9.5,1.1,1.0,3.5,30.0,40.8
2022-23,Playoffs,1629027,5,Trae Young,1610612737,ATL,6,38.3,10.0,24.8,0.403,3.0,9.0,0.333,6.2,7.2,0.86,0.8,2.8,3.7,10.2,1.7,0.7,4.0,29.2,25.5
2022-23,Playoffs,201142,6,Kevin Durant,1610612756,PHX,11,42.4,9.7,20.4,0.478,1.5,4.6,0.333,8.0,8.7,0.917,0.6,8.1,8.7,5.5,0.8,1.4,3.5,29.0,30.5
2022-23,Playoffs,1628973,7,Jalen Brunson,1610612752,NYK,11,40.3,9.9,20.9,0.474,2.4,7.3,0.325,5.6,6.2,0.912,0.8,4.1,4.9,5.6,1.5,0.1,2.1,27.8,26.3
2022-23,Playoffs,1628368,8,De'Aaron Fox,1610612758,SAC,7,38.6,10.0,23.6,0.424,3.0,9.0,0.333,4.4,5.9,0.756,1.7,3.7,5.4,7.7,2.1,0.6,4.0,27.4,24.3
2022-23,Playoffs,1628369,9,Jayson Tatum,1610612738,BOS,20,40.0,9.3,20.2,0.458,2.7,8.2,0.323,6.0,6.9,0.876,1.3,9.2,10.5,5.3,1.1,1.1,2.8,27.2,30.4
2022-23,Playoffs,202710,10,Jimmy Butler,1610612748,MIA,22,39.7,9.4,20.1,0.468,1.3,3.5,0.359,6.8,8.5,0.806,2.1,4.3,6.5,5.9,1.8,0.6,1.9,26.9,27.5
2022-23,Playoffs,1627750,11,Jamal Murray,1610612743,DEN,20,40.0,9.7,20.5,0.473,3.0,7.5,0.396,3.8,4.1,0.926,0.8,4.9,5.7,7.1,1.5,0.3,2.5,26.1,27.0
2022-23,Playoffs,1629630,12,Ja Morant,1610612763,MEM,5,37.4,9.0,21.2,0.425,2.6,6.2,0.419,4.0,5.2,0.769,1.6,5.2,6.8,7.0,1.8,0.2,3.4,24.6,23.6
2022-23,Playoffs,2544,13,LeBron James,1610612747,LAL,16,38.7,9.2,18.4,0.498,1.8,6.6,0.264,4.4,5.8,0.761,1.6,8.3,9.9,6.5,1.1,1.1,2.5,24.5,29.9
2022-23,Playoffs,203114,14,Khris Middleton,1610612749,MIL,5,34.6,8.0,17.2,0.465,2.6,6.4,0.406,5.2,6.0,0.867,1.4,5.0,6.4,6.2,0.6,0.0,3.4,23.8,23.6
2022-23,Playoffs,203954,15,Joel Embiid,1610612755,PHI,9,37.3,7.3,17.0,0.431,0.6,3.1,0.179,8.4,9.3,0.905,1.8,8.0,9.8,2.7,0.7,2.8,3.9,23.7,25.1
2022-23,Playoffs,201566,16,Russell Westbrook,1610612746,LAC,5,38.4,8.6,21.0,0.41,2.0,5.6,0.357,4.4,5.0,0.88,1.8,5.8,7.6,7.4,1.2,1.4,4.0,23.6,24.2
2022-23,Playoffs,1630217,17,Desmond Bane,1610612763,MEM,6,38.5,8.2,19.3,0.422,2.7,8.3,0.32,4.5,4.8,0.931,1.2,4.8,6.0,3.2,0.5,0.0,2.8,23.5,18.8
2022-23,Playoffs,1628969,17,Mikal Bridges,1610612751,BKN,4,39.3,8.3,19.3,0.429,2.5,6.3,0.4,4.5,5.8,0.783,0.5,4.8,5.3,4.0,0.5,0.5,2.0,23.5,19.5
2022-23,Playoffs,1628378,19,Donovan Mitchell,1610612739,CLE,5,41.4,9.0,20.8,0.433,2.6,9.0,0.289,2.6,3.6,0.722,0.6,4.4,5.0,7.2,2.0,0.6,3.8,23.2,21.4
2022-23,Playoffs,1627749,20,Dejounte Murray,1610612737,ATL,5,38.0,9.2,20.6,0.447,2.8,7.4,0.378,1.8,1.8,1.0,1.8,5.4,7.2,6.8,2.0,0.2,2.0,23.0,25.8
2022-23,Playoffs,1627759,21,Jaylen Brown,1610612738,BOS,20,37.6,9.1,18.3,0.496,2.0,5.7,0.354,2.6,3.7,0.689,1.3,4.4,5.6,3.4,1.1,0.4,3.3,22.7,19.5
2022-23,Playoffs,203076,22,Anthony Davis,1610612747,LAL,16,38.0,8.3,15.9,0.52,0.3,0.9,0.333,5.8,6.8,0.852,2.4,11.7,14.1,2.6,1.4,3.1,2.1,22.6,32.9
2022-23,Playoffs,1626181,23,Norman Powell,1610612746,LAC,5,33.4,7.2,15.2,0.474,2.6,6.4,0.406,4.8,6.2,0.774,0.8,2.2,3.0,2.2,0.8,0.4,1.6,21.8,17.2
2022-23,Playoffs,1629636,24,Darius Garland,1610612739,CLE,5,37.8,7.0,16.0,0.438,2.4,6.2,0.387,4.2,5.0,0.84,0.0,1.8,1.8,5.0,1.6,0.2,3.6,20.6,15.8
2022-23,Playoffs,1630178,25,Tyrese Maxey,1610612755,PHI,11,38.5,7.5,17.5,0.427,3.1,7.7,0.4,2.5,2.8,0.903,0.8,4.0,4.8,2.3,1.4,0.5,0.7,20.5,18.5
2022-23,Playoffs,201935,26,James Harden,1610612755,PHI,11,38.8,6.5,16.6,0.393,2.8,7.5,0.378,4.4,5.0,0.873,0.5,5.6,6.2,8.3,1.8,0.4,3.2,20.3,23.0
2022-23,Playoffs,1629628,27,RJ Barrett,1610612752,NYK,11,34.3,6.5,14.9,0.433,1.8,5.5,0.328,4.5,5.9,0.769,0.5,4.0,4.5,2.8,0.8,0.2,2.3,19.3,15.5
2022-23,Playoffs,201572,28,Brook Lopez,1610612749,MIL,5,36.4,7.8,13.4,0.582,1.4,3.4,0.412,2.0,2.6,0.769,2.8,3.6,6.4,1.2,1.4,1.8,2.2,19.0,21.4
2022-23,Playoffs,1628370,28,Malik Monk,1610612758,SAC,7,29.3,5.4,13.3,0.409,1.9,5.6,0.333,6.3,7.0,0.898,0.9,4.6,5.4,3.6,0.7,0.4,2.0,19.0,18.6
2022-23,Playoffs,202691,30,Klay Thompson,1610612744,GSW,13,36.0,6.5,16.8,0.388,3.8,10.5,0.368,1.6,1.8,0.875,0.1,4.1,4.2,2.2,0.5,0.3,2.0,18.5,13.2
2022-23,Playoffs,1629661,31,Cameron Johnson,1610612751,BKN,4,38.0,7.0,13.8,0.509,3.0,7.0,0.429,1.5,1.8,0.857,0.8,5.0,5.8,2.8,0.8,0.3,1.3,18.5,19.8
2022-23,Playoffs,1626157,32,Karl-Anthony Towns,1610612750,MIN,5,36.0,6.4,14.0,0.457,1.2,4.8,0.25,4.2,5.6,0.75,1.2,9.0,10.2,2.0,0.6,0.8,3.6,18.2,19.2
2022-23,Playoffs,1628991,33,Jaren Jackson Jr.,1610612763,MEM,6,36.7,5.8,13.8,0.422,1.2,4.2,0.28,5.2,6.0,0.861,3.3,4.5,7.8,1.5,1.0,2.0,3.0,18.0,18.5
2022-23,Playoffs,1628389,34,Bam Adebayo,1610612748,MIA,23,37.0,7.3,15.1,0.481,0.0,0.1,0.0,3.4,4.1,0.821,2.7,7.1,9.9,3.7,0.8,0.7,2.7,17.9,21.7
2022-23,Playoffs,201950,35,Jrue Holiday,1610612749,MIL,5,38.2,6.8,17.0,0.4,2.4,8.4,0.286,1.8,2.6,0.692,0.8,5.8,6.6,8.0,1.0,0.4,2.4,17.8,20.4
2022-23,Playoffs,1630559,36,Austin Reaves,1610612747,LAL,16,36.2,5.6,12.1,0.464,2.4,5.5,0.443,3.2,3.6,0.895,1.3,3.2,4.4,4.6,0.6,0.2,1.6,16.9,18.3
2022-23,Playoffs,203952,37,Andrew Wiggins,1610612744,GSW,13,34.0,6.4,13.9,0.459,1.5,4.9,0.297,2.5,3.6,0.681,1.8,3.8,5.6,1.9,0.8,1.2,1.3,16.7,16.2
2022-23,Playoffs,1629631,38,De'Andre Hunter,1610612737,ATL,6,37.3,6.5,14.2,0.459,2.3,6.3,0.368,1.3,1.7,0.8,1.2,4.5,5.7,1.2,0.7,0.3,1.5,16.7,15.0
2022-23,Playoffs,203944,39,Julius Randle,1610612752,NYK,10,33.0,5.5,14.7,0.374,1.7,6.6,0.258,3.9,5.5,0.709,1.7,6.6,8.3,3.6,0.5,0.3,3.5,16.6,15.0
2022-23,Playoffs,203915,40,Spencer Dinwiddie,1610612751,BKN,4,39.8,5.5,12.8,0.431,1.8,4.5,0.389,3.8,5.5,0.682,0.3,3.0,3.3,6.5,1.3,0.3,3.0,16.5,15.8
2022-23,Playoffs,1627734,41,Domantas Sabonis,1610612758,SAC,7,34.7,7.0,14.1,0.495,0.1,0.7,0.2,2.3,4.0,0.571,4.4,6.6,11.0,4.7,1.4,0.9,3.7,16.4,21.9
2022-23,Playoffs,202699,42,Tobias Harris,1610612755,PHI,11,35.6,6.4,12.2,0.522,1.4,3.7,0.366,1.2,1.4,0.867,1.5,5.7,7.3,1.6,0.6,0.5,0.7,15.3,18.6
2022-23,Playoffs,1627747,43,Caris LeVert,1610612739,CLE,5,34.0,5.4,12.6,0.429,2.6,7.2,0.361,1.6,2.6,0.615,0.8,3.8,4.6,2.6,0.4,0.2,1.0,15.0,13.6
2022-23,Playoffs,203497,43,Rudy Gobert,1610612750,MIN,5,35.4,5.8,9.2,0.63,0.0,0.0,0.0,3.4,5.4,0.63,3.6,8.6,12.2,2.0,0.4,1.0,1.6,15.0,23.6
2022-23,Playoffs,203935,45,Marcus Smart,1610612738,BOS,20,34.0,5.1,11.2,0.453,2.2,6.1,0.361,2.6,3.3,0.8,1.1,3.0,4.0,5.1,1.3,0.3,2.3,14.9,16.5
2022-23,Playoffs,1629028,46,Deandre Ayton,1610612756,PHX,10,31.9,6.1,11.1,0.55,0.0,0.0,0.0,1.2,2.3,0.522,2.9,6.8,9.7,1.0,0.6,0.7,1.7,13.4,17.6
2022-23,Playoffs,1628401,47,Derrick White,1610612738,BOS,20,29.7,4.7,9.2,0.505,2.5,5.5,0.455,1.6,1.7,0.912,0.7,2.3,3.0,2.1,0.6,1.0,0.9,13.4,14.4
2022-23,Playoffs,1629008,47,Michael Porter Jr.,1610612743,DEN,20,32.7,5.0,11.7,0.423,2.3,6.6,0.351,1.2,1.5,0.793,1.0,7.1,8.1,1.6,0.5,0.6,0.5,13.4,16.6
2022-23,Playoffs,203992,49,Bogdan Bogdanovic,1610612737,ATL,6,26.2,5.0,9.0,0.556,2.5,5.5,0.455,0.8,1.2,0.714,0.3,2.7,3.0,2.5,1.0,0.8,0.5,13.3,15.8
2022-23,Playoffs,1626156,50,D'Angelo Russell,1610612747,LAL,16,29.6,5.2,12.2,0.426,1.7,5.4,0.31,1.3,1.6,0.769,0.6,2.3,2.9,4.6,0.7,0.3,1.8,13.3,12.7
2022-23,Playoffs,203932,51,Aaron Gordon,1610612743,DEN,20,35.7,5.1,9.8,0.518,0.9,2.3,0.391,2.3,3.5,0.652,2.5,3.6,6.0,2.6,0.6,0.7,1.0,13.3,16.2
2022-23,Playoffs,1629216,52,Gabe Vincent,1610612748,MIA,22,30.5,4.5,11.2,0.402,2.3,6.1,0.378,1.4,1.5,0.882,0.4,1.0,1.4,3.5,0.9,0.2,1.4,12.7,10.4
2022-23,Playoffs,1628997,53,Caleb Martin,1610612748,MIA,23,30.2,4.7,9.0,0.529,1.9,4.5,0.423,1.3,1.5,0.829,1.2,4.3,5.4,1.6,0.9,0.4,1.0,12.7,15.4
2022-23,Playoffs,1629060,54,Rui Hachimura,1610612747,LAL,16,24.3,4.6,8.2,0.557,1.2,2.4,0.487,1.9,2.1,0.882,0.6,3.1,3.6,0.6,0.5,0.3,0.6,12.2,12.7
2022-23,Playoffs,1628971,55,Bruce Brown,1610612743,DEN,20,26.6,4.5,8.8,0.511,0.9,2.9,0.316,2.1,2.5,0.857,0.8,3.3,4.0,1.9,1.1,0.5,1.2,12.0,13.6
2022-23,Playoffs,201144,55,Mike Conley,1610612750,MIN,5,36.6,4.0,8.4,0.476,2.0,4.4,0.455,2.0,2.2,0.909,0.4,2.2,2.6,6.4,0.6,0.0,1.4,12.0,15.6
2022-23,Playoffs,1626192,55,Pat Connaughton,1610612749,MIL,4,22.0,4.3,7.5,0.567,2.8,5.8,0.478,0.8,1.0,0.75,1.0,4.0,5.0,1.8,1.0,0.3,0.5,12.0,16.0
2022-23,Playoffs,1627763,58,Malcolm Brogdon,1610612738,BOS,19,24.9,4.3,10.3,0.418,1.7,4.6,0.379,1.5,1.8,0.829,0.7,2.8,3.5,2.9,0.2,0.3,1.0,11.9,11.4
2022-23,Playoffs,1628960,59,Grayson Allen,1610612749,MIL,5,29.8,3.8,8.2,0.463,2.8,5.8,0.483,1.2,1.4,0.857,0.2,2.2,2.4,1.8,0.4,0.0,0.8,11.6,10.8
2022-23,Playoffs,1628381,60,John Collins,1610612737,ATL,6,27.3,4.3,10.0,0.433,1.8,5.3,0.344,0.8,1.0,0.833,1.2,3.2,4.3,0.8,0.3,1.0,1.5,11.3,10.5
2022-23,Playoffs,203084,61,Harrison Barnes,1610612758,SAC,7,28.1,3.6,8.6,0.417,0.9,3.6,0.24,2.7,3.7,0.731,1.4,2.0,3.4,0.7,1.1,0.3,0.4,10.7,9.9
2022-23,Playoffs,203484,62,Kentavious Caldwell-Pope,1610612743,DEN,20,33.6,3.7,8.1,0.457,1.8,4.6,0.38,1.5,1.8,0.829,0.7,2.6,3.3,1.6,1.3,0.7,0.8,10.6,11.9
2022-23,Playoffs,1629611,62,Terance Mann,1610612746,LAC,5,26.6,3.8,6.6,0.576,1.8,3.8,0.474,1.2,1.8,0.667,1.4,1.8,3.2,2.2,0.8,0.2,1.8,10.6,11.8
2022-23,Playoffs,1628415,64,Dillon Brooks,1610612763,MEM,6,27.8,4.0,12.8,0.312,1.7,7.0,0.238,0.8,1.2,0.714,0.5,2.5,3.0,1.8,0.2,0.0,1.2,10.5,5.2
2022-23,Playoffs,1629651,64,Nic Claxton,1610612751,BKN,4,29.3,4.5,6.3,0.72,0.0,0.0,0.0,1.5,2.5,0.6,1.3,6.8,8.0,1.5,0.3,1.8,0.8,10.5,18.5
2022-23,Playoffs,1628404,66,Josh Hart,1610612752,NYK,11,32.1,4.1,8.5,0.479,0.9,2.9,0.313,1.3,2.0,0.636,1.6,5.7,7.4,2.2,0.8,0.3,1.9,10.4,13.9
2022-23,Playoffs,1629673,67,Jordan Poole,1610612744,GSW,13,21.8,3.5,10.4,0.341,1.2,4.8,0.254,2.0,2.6,0.765,0.3,1.8,2.2,3.5,0.8,0.2,1.2,10.3,8.4
2022-23,Playoffs,201569,68,Eric Gordon,1610612746,LAC,5,29.8,3.6,8.8,0.409,2.0,5.8,0.345,1.0,1.2,0.833,0.2,1.2,1.4,2.6,0.6,0.4,0.8,10.2,9.0
2022-23,Playoffs,1630596,69,Evan Mobley,1610612739,CLE,5,37.6,4.4,9.6,0.458,0.0,0.2,0.0,1.0,1.6,0.625,3.0,7.0,10.0,2.0,0.6,1.2,2.4,9.8,15.4
2022-23,Playoffs,1631099,70,Keegan Murray,1610612758,SAC,7,27.7,3.7,8.3,0.448,1.7,4.6,0.375,0.6,0.9,0.667,2.1,4.1,6.3,0.7,0.6,0.3,0.6,9.7,12.1
2022-23,Playoffs,1626171,71,Bobby Portis,1610612749,MIL,5,21.4,4.0,8.2,0.488,1.0,3.6,0.278,0.6,0.6,1.0,2.0,6.2,8.2,1.2,0.6,0.4,0.8,9.6,15.0
2022-23,Playoffs,203110,72,Draymond Green,1610612744,GSW,12,30.6,3.5,7.6,0.462,0.4,1.7,0.25,2.0,2.8,0.727,1.6,5.3,6.9,6.8,1.5,1.0,2.3,9.4,18.6
2022-23,Playoffs,1628386,73,Jarrett Allen,1610612739,CLE,5,38.2,4.4,7.2,0.611,0.0,0.0,0.0,0.6,1.2,0.5,3.0,4.4,7.4,2.4,0.8,1.0,0.6,9.4,17.0
2022-23,Playoffs,1629622,74,Max Strus,1610612748,MIA,23,28.1,3.3,8.2,0.402,1.9,5.9,0.319,0.9,1.1,0.8,0.6,3.0,3.6,1.4,0.3,0.3,0.3,9.3,9.7
2022-23,Playoffs,200768,75,Kyle Lowry,1610612748,MIA,23,26.0,3.2,7.6,0.425,1.4,3.8,0.375,1.3,1.4,0.939,0.5,3.0,3.5,4.4,1.0,0.6,1.7,9.2,12.6
2022-23,Playoffs,1627826,76,Ivica Zubac,1610612746,LAC,5,26.0,3.4,6.0,0.567,0.0,0.0,0.0,2.4,3.2,0.75,3.2,6.4,9.6,0.6,0.6,0.2,2.2,9.2,14.6
2022-23,Playoffs,1628989,77,Kevin Huerter,1610612758,SAC,7,26.1,3.6,10.3,0.347,1.1,5.6,0.205,0.9,1.1,0.75,0.1,4.3,4.4,1.1,0.4,1.3,0.6,9.1,8.9
2022-23,Playoffs,1629130,78,Duncan Robinson,1610612748,MIA,23,18.2,3.3,6.9,0.475,2.2,4.9,0.442,0.3,0.3,0.875,0.0,1.4,1.5,1.7,0.3,0.1,0.9,9.0,8.1
2022-23,Playoffs,1630193,78,Immanuel Quickley,1610612752,NYK,8,21.9,2.9,8.3,0.348,1.1,4.6,0.243,2.1,2.5,0.85,0.3,1.4,1.6,1.0,0.5,0.0,1.1,9.0,5.3
2022-23,Playoffs,1630214,80,Xavier Tillman,1610612763,MEM,6,30.5,4.0,7.5,0.533,0.2,0.7,0.25,0.5,0.8,0.6,2.8,5.2,8.0,3.2,0.7,0.7,0.7,8.7,16.7
2022-23,Playoffs,1630538,81,Bones Hyland,1610612746,LAC,5,16.4,3.0,8.8,0.341,1.0,4.0,0.25,1.6,2.0,0.8,0.2,0.6,0.8,0.8,0.8,0.2,0.8,8.6,4.2
2022-23,Playoffs,203937,82,Kyle Anderson,1610612750,MIN,4,26.0,3.8,7.5,0.5,0.5,1.5,0.333,0.5,0.5,1.0,0.8,3.3,4.0,4.5,1.8,0.5,1.5,8.5,14.0
2022-23,Playoffs,1629638,83,Nickeil Alexander-Walker,1610612750,MIN,5,29.6,3.0,7.0,0.429,2.0,5.0,0.4,0.4,0.6,0.667,0.2,1.8,2.0,1.4,0.6,0.2,0.8,8.4,7.6
2022-23,Playoffs,203991,84,Clint Capela,1610612737,ATL,6,25.2,3.8,6.3,0.605,0.0,0.0,0.0,0.7,1.0,0.667,2.5,5.8,8.3,0.5,1.0,0.5,0.7,8.3,15.2
2022-23,Playoffs,203552,84,Seth Curry,1610612751,BKN,3,19.3,3.3,6.3,0.526,1.0,3.0,0.333,0.7,1.0,0.667,0.0,1.0,1.0,2.0,0.0,0.0,0.3,8.3,7.7
2022-23,Playoffs,203486,86,Mason Plumlee,1610612746,LAC,5,18.2,2.8,3.2,0.875,0.0,0.0,0.0,2.6,2.8,0.929,3.2,3.6,6.8,1.8,0.4,0.4,0.6,8.2,16.4
2022-23,Playoffs,1629001,87,De'Anthony Melton,1610612755,PHI,11,24.9,2.8,7.4,0.383,1.7,4.5,0.388,0.5,0.7,0.75,1.3,2.0,3.3,1.6,1.2,0.8,0.7,7.9,9.4
2022-23,Playoffs,1627752,88,Taurean Prince,1610612750,MIN,5,20.0,2.4,6.6,0.364,1.6,4.2,0.381,1.4,1.8,0.778,0.6,0.8,1.4,0.8,0.6,0.2,1.0,7.8,5.2
2022-23,Playoffs,1629057,89,Robert Williams III,1610612738,BOS,20,20.9,3.4,4.3,0.788,0.0,0.1,0.0,1.0,1.4,0.679,1.8,4.2,6.0,1.0,0.5,1.3,0.8,7.7,14.1
2022-23,Playoffs,1630180,90,Saddiq Bey,1610612737,ATL,6,22.2,2.5,6.7,0.375,1.2,3.0,0.389,1.3,1.5,0.889,1.2,2.8,4.0,1.0,0.5,0.0,0.3,7.5,8.3
2022-23,Playoffs,203471,91,Dennis Schroder,1610612747,LAL,16,26.1,2.6,6.4,0.398,0.8,2.4,0.333,1.4,1.8,0.821,0.2,1.8,1.9,2.9,1.0,0.2,1.3,7.4,7.9
2022-23,Playoffs,1628379,92,Luke Kennard,1610612763,MEM,5,21.4,2.4,4.6,0.522,1.6,3.2,0.5,0.8,0.8,1.0,1.0,3.0,4.0,1.4,0.8,0.0,0.2,7.2,11.0
2022-23,Playoffs,1630558,93,Davion Mitchell,1610612758,SAC,7,20.0,2.7,6.6,0.413,1.0,3.9,0.259,0.7,0.9,0.833,0.4,0.9,1.3,1.7,0.9,0.1,0.9,7.1,6.3
2022-23,Playoffs,1630167,94,Obi Toppin,1610612752,NYK,11,15.9,2.7,6.4,0.429,1.2,3.9,0.302,0.4,0.5,0.8,0.9,2.6,3.5,0.6,0.7,0.3,0.7,7.0,7.7
2022-23,Playoffs,201567,95,Kevin Love,1610612748,MIA,20,18.0,2.3,6.0,0.378,1.7,4.4,0.375,0.7,0.8,0.875,0.7,4.9,5.6,1.2,0.5,0.4,0.5,6.9,10.1
2022-23,Playoffs,1627780,96,Gary Payton II,1610612744,GSW,12,15.9,3.0,4.5,0.667,0.3,1.3,0.267,0.5,0.8,0.667,1.8,1.8,3.7,0.8,0.7,0.5,0.9,6.8,9.8
2022-23,Playoffs,204060,97,Joe Ingles,1610612749,MIL,5,17.8,2.4,4.6,0.522,2.0,4.0,0.5,0.0,0.0,0.0,0.2,1.0,1.2,2.0,0.6,0.2,1.2,6.8,7.4
2022-23,Playoffs,201143,98,Al Horford,1610612738,BOS,20,30.9,2.6,6.6,0.386,1.4,4.7,0.298,0.2,0.2,0.75,1.5,5.7,7.2,3.0,1.1,1.7,0.6,6.7,14.9
2022-23,Playoffs,1626168,99,Trey Lyles,1610612758,SAC,7,16.9,2.4,5.7,0.425,1.3,3.9,0.333,0.4,0.7,0.6,1.3,4.4,5.7,0.7,0.3,0.0,0.4,6.6,9.3
2022-23,Playoffs,1630583,100,Santi Aldama,1610612763,MEM,6,16.8,2.5,5.5,0.455,1.2,2.5,0.467,0.3,0.3,1.0,1.2,3.2,4.3,1.2,0.5,0.0,0.3,6.5,9.2
2022-23,Playoffs,1626172,101,Kevon Looney,1610612744,GSW,13,25.0,2.8,4.9,0.578,0.0,0.0,0.0,0.8,1.4,0.556,4.7,8.4,13.1,3.3,0.6,0.4,1.0,6.5,20.2
2022-23,Playoffs,1629011,102,Mitchell Robinson,1610612752,NYK,11,27.1,2.6,4.4,0.604,0.0,0.0,0.0,1.2,3.0,0.394,5.0,4.3,9.3,0.8,0.7,1.5,0.9,6.5,14.3
2022-23,Playoffs,1628470,102,Torrey Craig,1610612756,PHX,11,16.6,2.4,4.1,0.578,1.0,2.3,0.44,0.7,0.8,0.889,0.6,1.6,2.3,0.5,0.5,0.2,0.3,6.5,7.8
2022-23,Playoffs,1630171,104,Isaac Okoro,1610612739,CLE,5,15.0,2.2,4.6,0.478,0.8,2.6,0.308,1.2,1.2,1.0,0.6,0.8,1.4,0.8,0.4,0.4,0.8,6.4,6.2
2022-23,Playoffs,1627827,105,Dorian Finney-Smith,1610612751,BKN,4,25.3,2.3,5.8,0.391,1.8,4.3,0.412,0.0,0.0,0.0,1.5,3.0,4.5,0.8,0.8,0.5,1.3,6.3,8.0
2022-23,Playoffs,1629022,106,Lonnie Walker IV,1610612747,LAL,13,13.8,2.2,4.6,0.483,1.0,2.6,0.382,0.7,0.9,0.75,0.1,0.8,0.9,0.8,0.5,0.1,0.3,6.2,5.6
2022-23,Playoffs,1626224,107,Cedi Osman,1610612739,CLE,5,18.6,1.8,5.0,0.36,1.2,4.0,0.3,1.2,1.8,0.667,0.2,2.8,3.0,1.0,0.4,0.2,1.0,6.0,5.8
2022-23,Playoffs,1630168,107,Onyeka Okongwu,1610612737,ATL,6,21.8,2.5,4.2,0.6,0.2,0.2,1.0,0.8,1.7,0.5,3.2,3.2,6.3,1.2,0.3,1.3,1.2,6.0,11.5
2022-23,Playoffs,1630541,109,Moses Moody,1610612744,GSW,12,13.4,1.9,3.6,0.535,1.1,1.8,0.591,0.9,1.0,0.917,0.6,2.0,2.6,0.7,0.4,0.3,0.2,5.8,7.9
2022-23,Playoffs,1628978,110,Donte DiVincenzo,1610612744,GSW,13,18.1,1.8,4.9,0.375,1.2,3.4,0.341,0.6,0.9,0.667,0.8,2.2,3.0,2.8,0.8,0.2,1.3,5.5,7.6
2022-23,Playoffs,1629656,111,Quentin Grimes,1610612752,NYK,9,26.9,1.6,5.1,0.304,1.0,4.1,0.243,1.0,1.2,0.818,0.3,2.4,2.8,1.4,1.0,0.6,1.1,5.1,6.0
2022-23,Playoffs,1629684,112,Grant Williams,1610612738,BOS,15,17.7,1.7,3.5,0.472,1.2,2.7,0.45,0.5,0.7,0.8,0.7,1.5,2.2,1.2,0.3,0.4,0.3,5.1,6.9
2022-23,Playoffs,1626220,113,Royce O'Neale,1610612751,BKN,4,29.5,1.8,7.3,0.241,1.0,5.5,0.182,0.5,0.5,1.0,1.0,3.3,4.3,3.5,1.3,0.3,1.0,5.0,7.8
2022-23,Playoffs,200782,114,P.J. Tucker,1610612755,PHI,11,26.7,1.7,4.6,0.373,1.3,3.6,0.35,0.2,0.3,0.667,1.6,2.9,4.5,1.5,1.2,0.3,0.5,4.9,8.9
2022-23,Playoffs,1629013,115,Landry Shamet,1610612756,PHX,10,18.4,1.7,4.5,0.378,1.1,2.9,0.379,0.3,0.4,0.75,0.3,1.4,1.7,1.1,0.2,0.1,0.4,4.8,4.6
2022-23,Playoffs,1630194,116,Paul Reed,1610612755,PHI,11,14.3,2.0,3.5,0.579,0.0,0.0,0.0,0.6,0.6,1.0,2.5,3.0,5.5,0.6,0.5,0.4,0.5,4.6,9.6
2022-23,Playoffs,1629020,117,Jarred Vanderbilt,1610612747,LAL,15,16.5,1.6,4.0,0.4,0.5,1.9,0.241,0.9,1.3,0.7,1.3,1.9,3.2,0.8,0.7,0.8,0.9,4.6,6.5
2022-23,Playoffs,1626145,118,Tyus Jones,1610612763,MEM,6,20.0,1.8,6.0,0.306,0.5,3.2,0.158,0.3,0.5,0.667,0.5,2.5,3.0,3.7,1.3,0.0,1.3,4.5,6.8
2022-23,Playoffs,201587,119,Nicolas Batum,1610612746,LAC,5,18.4,1.6,3.8,0.421,1.2,3.4,0.353,0.0,0.0,0.0,0.2,2.0,2.2,1.2,0.4,0.4,0.4,4.4,6.0
2022-23,Playoffs,1627777,120,Georges Niang,1610612755,PHI,11,14.3,1.6,3.3,0.5,1.1,2.4,0.462,0.0,0.0,0.0,0.0,0.4,0.4,0.2,0.0,0.2,0.5,4.4,3.0
2022-23,Playoffs,1630552,121,Jalen Johnson,1610612737,ATL,6,9.3,1.7,4.0,0.417,0.7,1.8,0.364,0.3,0.3,1.0,0.3,2.2,2.5,1.3,0.5,0.0,0.8,4.3,5.5
2022-23,Playoffs,201145,122,Jeff Green,1610612743,DEN,20,17.2,1.4,3.1,0.452,0.5,1.4,0.321,0.9,1.0,0.895,0.3,1.3,1.6,0.7,0.3,0.4,0.5,4.1,4.7
2022-23,Playoffs,1629006,122,Josh Okogie,1610612756,PHX,10,17.5,1.4,3.7,0.378,0.2,1.4,0.143,1.1,1.3,0.846,1.2,0.9,2.1,1.3,0.6,0.2,0.3,4.1,5.5
2022-23,Playoffs,1631223,124,David Roddy,1610612763,MEM,6,12.7,1.3,4.8,0.276,1.0,3.3,0.3,0.2,0.2,1.0,0.7,2.2,2.8,0.7,0.0,0.3,0.2,3.8,4.0
2022-23,Playoffs,1630228,125,Jonathan Kuminga,1610612744,GSW,10,6.1,1.3,2.4,0.542,0.3,0.7,0.429,0.5,0.9,0.556,0.4,0.5,0.9,0.5,0.2,0.0,0.4,3.4,3.1
2022-23,Playoffs,202687,126,Bismack Biyombo,1610612756,PHX,8,9.8,1.1,2.0,0.563,0.0,0.0,0.0,1.1,2.3,0.5,1.3,2.1,3.4,0.8,0.0,1.3,0.8,3.4,6.0
2022-23,Playoffs,1629312,127,Haywood Highsmith,1610612748,MIA,18,8.9,1.3,2.2,0.615,0.4,0.9,0.5,0.2,0.3,0.8,0.6,0.8,1.3,0.3,0.6,0.1,0.1,3.3,4.6
2022-23,Playoffs,1631128,128,Christian Braun,1610612743,DEN,19,13.0,1.3,2.4,0.533,0.1,0.5,0.2,0.6,1.0,0.579,0.6,1.4,2.1,0.6,0.6,0.2,0.5,3.2,4.6
2022-23,Playoffs,1629669,129,Jaylen Nowell,1610612750,MIN,5,12.4,1.2,5.2,0.231,0.6,1.8,0.333,0.2,0.4,0.5,0.8,0.2,1.0,0.6,0.0,0.0,0.4,3.2,0.2
2022-23,Playoffs,1628392,130,Isaiah Hartenstein,1610612752,NYK,11,20.0,1.0,2.1,0.478,0.0,0.0,0.0,1.1,1.5,0.75,2.1,2.5,4.6,1.3,0.8,1.4,0.5,3.1,9.3
2022-23,Playoffs,203458,131,Alex Len,1610612758,SAC,7,7.7,1.0,1.3,0.778,0.0,0.0,0.0,0.7,0.9,0.833,1.0,1.9,2.9,0.1,0.0,0.4,1.0,2.7,4.7
2022-23,Playoffs,203085,132,Austin Rivers,1610612750,MIN,4,11.5,1.0,2.0,0.5,0.5,1.5,0.333,0.0,0.0,0.0,0.3,1.0,1.3,0.3,0.3,0.0,0.3,2.5,3.0
2022-23,Playoffs,1629667,133,Jalen McDaniels,1610612755,PHI,8,12.8,1.0,2.5,0.4,0.4,1.1,0.333,0.0,0.0,0.0,0.4,1.6,2.0,0.6,0.1,0.0,0.4,2.4,3.3
2022-23,Playoffs,203469,134,Cody Zeller,1610612748,MIA,21,8.3,1.0,1.7,0.571,0.0,0.0,0.0,0.3,0.7,0.4,0.5,1.8,2.3,0.3,0.1,0.2,0.6,2.2,3.3
2022-23,Playoffs,1627814,135,Damion Lee,1610612756,PHX,8,11.1,0.8,2.5,0.3,0.4,1.9,0.2,0.3,0.3,1.0,0.5,0.9,1.4,0.6,0.3,0.0,0.1,2.1,2.5
2022-23,Playoffs,1630573,136,Sam Hauser,1610612738,BOS,15,6.9,0.7,1.9,0.345,0.5,1.6,0.333,0.1,0.1,1.0,0.3,0.8,1.1,0.3,0.1,0.1,0.0,2.0,2.3
2022-23,Playoffs,1628972,137,Troy Brown Jr.,1610612747,LAL,12,10.3,0.8,2.3,0.357,0.2,1.3,0.133,0.0,0.0,0.0,0.3,1.7,2.0,0.9,0.2,0.1,0.0,1.8,3.5
2022-23,Playoffs,203109,138,Jae Crowder,1610612749,MIL,4,10.3,0.8,3.3,0.231,0.0,1.5,0.0,0.3,0.5,0.5,0.3,0.8,1.0,0.8,0.5,0.0,0.3,1.8,1.0
2022-23,Playoffs,203925,138,Joe Harris,1610612751,BKN,4,11.0,0.5,3.3,0.154,0.3,3.0,0.083,0.5,0.5,1.0,0.0,1.3,1.3,0.0,0.5,0.0,0.8,1.8,0.0
2022-23,Playoffs,1628975,140,Jevon Carter,1610612749,MIL,4,12.3,0.5,2.3,0.222,0.3,1.8,0.143,0.0,0.0,0.0,0.0,1.0,1.0,1.0,0.3,0.0,0.0,1.3,1.8
2022-23,Playoffs,1629723,141,John Konchar,1610612763,MEM,5,9.8,0.4,1.8,0.222,0.0,0.8,0.0,0.0,0.0,0.0,0.8,1.2,2.0,0.8,0.4,0.4,0.2,0.8,2.8
2022-23,Playoffs,201980,142,Danny Green,1610612739,CLE,4,10.0,0.3,1.3,0.2,0.3,1.0,0.25,0.0,0.0,0.0,0.5,1.3,1.8,0.3,0.5,0.3,0.5,0.8,2.0
2022-23,Playoffs,1630540,143,Miles McBride,1610612752,NYK,8,2.5,0.1,0.5,0.25,0.1,0.4,0.333,0.0,0.0,0.0,0.0,0.3,0.3,0.1,0.0,0.1,0.0,0.4,0.5
2022-23,Playoffs,1630556,144,Kessler Edwards,1610612758,SAC,6,1.2,0.0,0.0,0.0,0.0,0.0,0.0,0.0,0.0,0.0,0.0,0.2,0.2,0.0,0.0,0.0,0.0,0.0,0.2
2023-24,Playoffs,203954,1,Joel Embiid,1610612755,PHI,3,38.7,11.0,23.3,0.471,3.0,8.0,0.375,12.7,15.0,0.844,3.0,5.7,8.7,5.3,0.7,0.7,2.3,37.7,36.0
2023-24,Playoffs,203076,2,Anthony Davis,1610612747,LAL,3,42.0,13.3,21.7,0.615,0.0,1.7,0.0,5.7,6.7,0.85,3.0,10.3,13.3,3.3,0.7,1.7,2.7,32.3,39.3
2023-24,Playoffs,203081,2,Damian Lillard,1610612749,MIL,3,40.7,9.0,21.7,0.415,5.3,12.0,0.444,9.0,9.3,0.964,0.7,3.0,3.7,5.3,1.3,0.0,2.0,32.3,27.7
2023-24,Playoffs,1630178,4,Tyrese Maxey,1610612755,PHI,3,43.0,11.7,23.0,0.507,3.7,9.3,0.393,4.0,4.0,1.0,0.0,5.0,5.0,7.0,0.7,0.7,2.7,31.0,30.3
2023-24,Playoffs,1627783,5,Pascal Siakam,1610612754,IND,3,39.3,12.7,21.7,0.585,1.3,3.7,0.364,3.3,6.0,0.556,3.3,7.7,11.0,4.0,0.7,1.0,0.3,30.0,34.7
2023-24,Playoffs,1629029,6,Luka Doncic,1610612742,DAL,3,42.7,9.7,25.7,0.377,4.0,13.3,0.3,5.7,7.0,0.81,0.7,9.0,9.7,8.0,1.3,0.3,4.0,29.0,27.0
2023-24,Playoffs,1628973,7,Jalen Brunson,1610612752,NYK,3,41.7,9.7,27.3,0.354,1.7,6.3,0.263,7.3,9.0,0.815,1.7,4.0,5.7,8.7,0.3,0.0,3.3,28.3,20.3
2023-24,Playoffs,1628983,7,Shai Gilgeous-Alexander,1610612760,OKC,3,37.0,10.7,21.0,0.508,1.3,4.3,0.308,5.7,6.7,0.85,0.3,4.3,4.7,5.7,2.0,0.3,2.7,28.3,27.0
2023-24,Playoffs,1630162,9,Anthony Edwards,1610612750,MIN,3,39.0,9.7,19.7,0.492,2.3,6.3,0.368,6.3,7.0,0.905,1.0,6.7,7.7,6.3,2.3,0.3,4.7,28.0,29.3
2023-24,Playoffs,203999,10,Nikola Jokic,1610612743,DEN,3,40.0,11.0,17.3,0.635,1.0,2.7,0.375,4.7,5.3,0.875,4.0,11.7,15.7,8.7,1.7,0.0,2.0,27.7,44.7
2023-24,Playoffs,203114,11,Khris Middleton,1610612749,MIL,3,37.3,10.3,19.0,0.544,2.0,5.3,0.375,4.0,4.0,1.0,1.3,7.0,8.3,5.0,0.0,0.3,1.7,26.7,30.0
2023-24,Playoffs,2544,12,LeBron James,1610612747,LAL,3,40.3,10.3,18.3,0.564,2.3,5.7,0.412,3.3,4.7,0.714,0.7,6.0,6.7,9.7,1.7,1.3,4.0,26.3,32.3
2023-24,Playoffs,1628369,13,Jayson Tatum,1610612738,BOS,2,41.0,8.5,19.0,0.447,1.5,7.0,0.214,7.0,8.0,0.875,0.5,8.5,9.0,6.5,1.0,0.5,3.0,25.5,28.0
2023-24,Playoffs,1627759,14,Jaylen Brown,1610612738,BOS,2,36.0,9.5,17.5,0.543,3.5,7.0,0.5,2.5,5.0,0.5,2.5,5.5,8.0,2.0,0.5,1.0,2.0,25.0,24.0
2023-24,Playoffs,202681,14,Kyrie Irving,1610612742,DAL,3,39.0,8.7,17.7,0.491,3.3,7.0,0.476,4.3,5.0,0.867,1.3,4.3,5.7,4.3,2.3,0.0,2.0,25.0,25.7
2023-24,Playoffs,201142,16,Kevin Durant,1610612756,PHX,3,40.7,8.3,16.7,0.5,1.0,3.0,0.333,7.0,8.3,0.84,0.0,5.7,5.7,2.7,0.7,0.7,3.0,24.7,21.7
2023-24,Playoffs,201935,17,James Harden,1610612746,LAC,3,41.7,7.0,14.7,0.477,4.3,9.7,0.448,5.3,6.0,0.889,0.0,3.3,3.3,7.0,1.0,1.3,2.3,23.7,25.7
2023-24,Playoffs,1626167,18,Myles Turner,1610612754,IND,3,36.0,8.0,17.7,0.453,3.3,8.3,0.4,3.3,4.3,0.769,0.7,7.3,8.0,3.0,1.0,1.0,0.3,22.7,24.7
2023-24,Playoffs,1628389,19,Bam Adebayo,1610612748,MIA,2,38.0,9.5,15.5,0.613,0.0,1.5,0.0,3.5,5.0,0.7,1.0,7.0,8.0,2.5,0.0,0.0,1.0,22.5,24.5
2023-24,Playoffs,1630532,20,Franz Wagner,1610612753,ORL,4,36.3,7.8,15.3,0.508,1.8,4.5,0.389,4.3,5.3,0.81,1.0,7.0,8.0,4.3,0.5,1.3,1.5,21.5,25.5
2023-24,Playoffs,1627750,21,Jamal Murray,1610612743,DEN,3,39.7,8.7,23.0,0.377,1.7,6.7,0.25,2.3,2.7,0.875,0.7,4.0,4.7,8.0,0.0,1.3,2.0,21.3,18.7
2023-24,Playoffs,1631094,22,Paolo Banchero,1610612753,ORL,4,35.3,8.8,19.3,0.455,1.8,5.5,0.318,2.0,3.3,0.615,2.3,4.8,7.0,4.5,1.0,0.8,4.8,21.3,18.0
2023-24,Playoffs,1628378,23,Donovan Mitchell,1610612739,CLE,4,33.8,7.8,18.3,0.425,1.8,7.0,0.25,3.8,4.5,0.833,0.8,3.3,4.0,5.0,1.8,0.3,3.8,21.0,17.0
2023-24,Playoffs,1628404,23,Josh Hart,1610612752,NYK,3,44.3,6.7,14.7,0.455,4.0,7.7,0.522,3.7,4.7,0.786,3.7,7.7,11.3,3.7,1.3,0.7,1.3,21.0,27.7
2023-24,Playoffs,1626164,25,Devin Booker,1610612756,PHX,3,40.3,6.3,14.7,0.432,1.3,5.0,0.267,6.3,6.7,0.95,0.3,2.3,2.7,6.0,1.7,0.0,3.0,20.3,19.0
2023-24,Playoffs,1631114,25,Jalen Williams,1610612760,OKC,3,36.7,9.0,17.0,0.529,1.7,4.0,0.417,0.7,1.0,0.667,1.3,5.7,7.0,5.3,1.7,0.0,3.0,20.3,23.0
2023-24,Playoffs,1629008,25,Michael Porter Jr.,1610612743,DEN,3,37.0,8.0,14.7,0.545,3.7,7.7,0.478,0.7,0.7,1.0,0.7,8.3,9.0,1.3,1.0,0.7,0.7,20.3,25.0
2023-24,Playoffs,203078,28,Bradley Beal,1610612756,PHX,3,41.0,7.3,15.3,0.478,3.0,6.0,0.5,1.3,1.7,0.8,1.7,1.7,3.3,5.3,1.0,0.0,2.3,19.0,18.0
2023-24,Playoffs,203932,29,Aaron Gordon,1610612743,DEN,3,37.7,7.3,13.0,0.564,0.0,2.0,0.0,3.7,4.0,0.917,4.7,6.3,11.0,4.3,0.3,0.0,1.3,18.3,26.7
2023-24,Playoffs,1629639,30,Tyler Herro,1610612748,MIA,2,36.5,5.5,13.0,0.423,4.5,10.0,0.45,2.0,2.0,1.0,0.0,4.5,4.5,9.0,1.0,0.0,2.5,17.5,22.0
2023-24,Playoffs,1627826,31,Ivica Zubac,1610612746,LAC,3,33.0,7.7,13.3,0.575,0.0,0.0,0.0,2.0,3.0,0.667,4.0,7.7,11.7,0.7,1.0,0.7,1.7,17.3,23.0
2023-24,Playoffs,203468,32,CJ McCollum,1610612740,NOP,3,36.7,7.3,19.3,0.379,1.7,7.3,0.227,0.7,0.7,1.0,0.3,4.0,4.3,5.7,2.0,0.7,4.3,17.0,13.3
2023-24,Playoffs,1628386,32,Jarrett Allen,1610612739,CLE,4,31.8,6.3,9.3,0.676,0.0,0.0,0.0,4.5,6.5,0.692,3.8,10.0,13.8,1.3,1.3,1.0,1.3,17.0,28.0
2023-24,Playoffs,202331,32,Paul George,1610612746,LAC,3,35.0,6.0,15.0,0.4,2.3,7.7,0.304,2.7,2.7,1.0,0.0,4.3,4.3,4.0,0.7,0.3,1.7,17.0,15.7
2023-24,Playoffs,203497,32,Rudy Gobert,1610612750,MIN,3,38.3,5.3,7.3,0.727,0.0,0.0,0.0,6.3,7.3,0.864,4.0,9.0,13.0,1.7,1.3,0.3,1.3,17.0,29.0
2023-24,Playoffs,1628401,36,Derrick White,1610612738,BOS,2,34.5,5.5,9.0,0.611,3.0,6.0,0.5,2.5,2.5,1.0,0.0,2.0,2.0,4.0,0.5,1.0,2.0,16.5,18.5
2023-24,Playoffs,1627742,37,Brandon Ingram,1610612740,NOP,3,35.7,5.7,13.7,0.415,0.7,1.7,0.4,4.3,4.3,1.0,0.3,4.3,4.7,2.3,0.7,1.0,2.3,16.3,14.7
2023-24,Playoffs,1626157,37,Karl-Anthony Towns,1610612750,MIN,3,24.7,5.0,10.7,0.469,1.7,3.7,0.455,4.7,5.0,0.933,2.0,7.3,9.3,2.3,0.7,0.0,2.3,16.3,20.3
2023-24,Playoffs,201572,39,Brook Lopez,1610612749,MIL,3,33.3,6.7,11.7,0.571,2.3,4.3,0.538,0.0,0.0,0.0,1.0,2.0,3.0,3.0,0.0,1.7,0.7,15.7,17.7
2023-24,Playoffs,1631096,39,Chet Holmgren,1610612760,OKC,3,31.3,5.7,11.7,0.486,2.0,5.3,0.375,2.3,3.3,0.7,1.0,7.7,8.7,1.3,0.3,3.7,2.0,15.7,20.7
2023-24,Playoffs,1626171,41,Bobby Portis,1610612749,MIL,3,35.0,6.7,15.3,0.435,0.3,2.3,0.143,1.7,2.0,0.833,2.3,11.0,13.3,1.0,0.7,0.3,2.0,15.3,19.7
2023-24,Playoffs,1631170,42,Jaime Jaquez Jr.,1610612748,MIA,2,33.5,6.0,14.5,0.414,1.5,4.0,0.375,1.5,2.0,0.75,0.5,2.5,3.0,2.5,1.0,0.0,1.5,15.0,11.0
2023-24,Playoffs,1630559,43,Austin Reaves,1610612747,LAL,3,37.0,5.7,12.3,0.459,1.7,5.3,0.313,1.7,1.7,1.0,1.3,3.7,5.0,2.7,1.3,0.3,0.7,14.7,16.7
2023-24,Playoffs,1629638,43,Nickeil Alexander-Walker,1610612750,MIN,3,31.0,5.0,10.7,0.469,3.0,7.7,0.391,1.7,1.7,1.0,0.7,2.0,2.7,4.0,1.7,0.0,1.0,14.7,16.3
2023-24,Playoffs,1630591,45,Jalen Suggs,1610612753,ORL,4,29.5,4.8,9.8,0.487,1.5,5.0,0.3,3.5,4.5,0.778,1.3,2.8,4.0,3.8,1.3,0.5,2.5,14.5,15.5
2023-24,Playoffs,1630596,46,Evan Mobley,1610612739,CLE,4,30.5,5.3,11.8,0.447,0.8,2.8,0.273,3.0,3.8,0.8,1.3,6.0,7.3,1.8,0.8,2.3,1.3,14.3,17.8
2023-24,Playoffs,1629614,47,Andrew Nembhard,1610612754,IND,3,33.7,5.3,9.0,0.593,1.7,3.7,0.455,1.7,2.7,0.625,2.0,1.0,3.0,3.3,0.0,0.0,0.3,14.0,15.3
2023-24,Playoffs,1630529,48,Herbert Jones,1610612740,NOP,3,35.7,4.0,10.0,0.4,2.3,7.0,0.333,3.3,3.3,1.0,1.3,4.0,5.3,2.0,1.0,0.0,2.7,13.7,13.3
2023-24,Playoffs,1630183,49,Jaden McDaniels,1610612750,MIN,3,36.3,4.7,9.3,0.5,0.7,2.3,0.286,3.0,3.7,0.818,3.3,2.7,6.0,1.3,0.7,0.7,1.0,13.0,15.3
2023-24,Playoffs,202685,49,Jonas Valanciunas,1610612740,NOP,3,21.3,5.3,9.0,0.593,0.0,0.0,0.0,2.3,3.0,0.778,4.0,6.3,10.3,1.3,0.3,0.0,2.3,13.0,18.3
2023-24,Playoffs,1629023,49,P.J. Washington,1610612742,DAL,3,35.3,4.7,10.0,0.467,1.7,5.0,0.333,2.0,3.0,0.667,1.7,4.3,6.0,0.3,2.0,1.3,0.7,13.0,15.7
2023-24,Playoffs,1630530,49,Trey Murphy III,1610612740,NOP,3,41.7,5.0,12.7,0.395,3.0,7.7,0.391,0.0,0.0,0.0,1.0,4.0,5.0,2.0,1.3,1.3,1.3,13.0,13.7
2023-24,Playoffs,1630169,49,Tyrese Haliburton,1610612754,IND,3,40.0,5.3,13.0,0.41,1.7,7.3,0.227,0.7,1.0,0.667,2.3,4.7,7.0,12.0,0.7,1.0,3.0,13.0,22.7
2023-24,Playoffs,1630540,54,Miles McBride,1610612752,NYK,3,23.7,4.7,10.0,0.467,2.3,4.7,0.5,1.0,1.0,1.0,0.3,1.7,2.0,2.3,1.0,0.0,0.3,12.7,12.3
2023-24,Playoffs,1628384,54,OG Anunoby,1610612752,NYK,3,35.7,5.3,10.3,0.516,1.3,3.3,0.4,0.7,0.7,1.0,0.7,3.3,4.0,1.0,0.7,0.7,0.7,12.7,13.3
2023-24,Playoffs,1628997,56,Caleb Martin,1610612748,MIA,2,32.5,4.5,9.0,0.5,2.5,5.0,0.5,1.0,1.0,1.0,1.0,2.0,3.0,1.0,0.5,0.0,0.0,12.5,12.5
2023-24,Playoffs,201144,57,Mike Conley,1610612750,MIN,3,31.0,5.0,12.0,0.417,2.0,5.3,0.375,0.3,0.3,1.0,1.3,2.3,3.7,6.0,1.0,0.0,2.0,12.3,14.0
2023-24,Playoffs,1626156,58,D'Angelo Russell,1610612747,LAL,3,34.7,4.7,14.3,0.326,2.7,8.7,0.308,0.0,0.0,0.0,0.0,3.0,3.0,3.7,1.0,0.3,2.0,12.0,8.3
2023-24,Playoffs,1629636,58,Darius Garland,1610612739,CLE,4,31.8,4.5,10.8,0.419,2.3,5.5,0.409,0.8,1.3,0.6,0.0,3.0,3.0,6.0,0.5,0.3,3.0,12.0,12.0
2023-24,Playoffs,1630581,58,Josh Giddey,1610612760,OKC,3,25.3,4.3,9.3,0.464,1.7,4.0,0.417,1.7,2.0,0.833,0.7,5.0,5.7,4.0,0.3,0.3,2.3,12.0,14.7
2023-24,Playoffs,204001,58,Kristaps Porzingis,1610612738,BOS,2,32.0,4.0,11.0,0.364,2.0,6.0,0.333,2.0,2.0,1.0,1.5,4.5,6.0,2.5,2.0,2.0,2.0,12.0,15.5
2023-24,Playoffs,200768,62,Kyle Lowry,1610612755,PHI,3,34.3,3.3,6.7,0.5,2.3,5.0,0.467,2.7,3.3,0.8,1.0,3.0,4.0,3.0,1.3,1.0,1.0,11.7,16.0
2023-24,Playoffs,1628392,63,Isaiah Hartenstein,1610612752,NYK,3,24.7,5.0,8.0,0.625,0.0,0.3,0.0,1.3,1.3,1.0,3.7,2.7,6.3,2.7,0.0,1.7,0.7,11.3,18.3
2023-24,Playoffs,1626153,64,Delon Wright,1610612748,MIA,2,23.0,3.5,5.5,0.636,3.0,4.0,0.75,1.0,1.0,1.0,0.5,2.0,2.5,2.0,1.0,0.0,0.0,11.0,14.5
2023-24,Playoffs,1629652,64,Luguentz Dort,1610612760,OKC,3,35.0,3.3,7.7,0.435,3.3,6.0,0.556,1.0,1.3,0.75,1.7,1.3,3.0,2.0,0.3,0.0,0.7,11.0,11.0
2023-24,Playoffs,1628978,66,Donte DiVincenzo,1610612752,NYK,3,30.0,3.3,9.0,0.37,2.0,5.3,0.375,2.0,2.3,0.857,0.7,2.7,3.3,2.7,1.3,0.3,1.3,10.7,11.0
2023-24,Playoffs,1626181,66,Norman Powell,1610612746,LAC,3,28.7,3.7,9.0,0.407,2.3,4.0,0.583,1.0,1.0,1.0,0.7,3.0,3.7,0.7,0.3,0.0,1.7,10.7,8.3
2023-24,Playoffs,1631107,68,Nikola Jovic,1610612748,MIA,2,25.5,3.5,7.0,0.5,2.5,5.0,0.5,1.0,1.0,1.0,0.5,7.0,7.5,3.0,1.5,1.0,3.0,10.5,17.0
2023-24,Playoffs,1630174,69,Aaron Nesmith,1610612754,IND,3,38.7,3.0,10.7,0.281,1.7,7.3,0.227,2.7,3.0,0.889,1.3,4.3,5.7,4.3,1.0,1.0,1.3,10.3,13.0
2023-24,Playoffs,1629675,70,Naz Reid,1610612750,MIN,3,18.0,3.3,8.3,0.4,1.3,4.7,0.286,2.0,2.7,0.75,0.0,1.7,1.7,1.3,0.3,0.0,0.3,10.0,7.3
2023-24,Playoffs,1626162,71,Kelly Oubre Jr.,1610612755,PHI,3,34.0,3.7,7.3,0.5,1.0,2.0,0.5,1.3,2.0,0.667,1.3,2.7,4.0,2.3,2.3,1.3,1.7,9.7,13.7
2023-24,Playoffs,1630167,72,Obi Toppin,1610612754,IND,3,17.3,4.0,9.3,0.429,1.0,5.0,0.2,0.3,1.0,0.333,0.7,5.7,6.3,0.0,0.3,0.3,0.3,9.3,10.0
2023-24,Playoffs,1630573,73,Sam Hauser,1610612738,BOS,2,14.5,3.0,5.5,0.545,3.0,5.0,0.6,0.0,0.0,0.0,0.5,1.0,1.5,1.0,1.0,0.5,0.0,9.0,10.5
2023-24,Playoffs,1628371,74,Jonathan Isaac,1610612753,ORL,4,21.0,3.0,6.8,0.444,2.3,5.3,0.429,0.5,0.5,1.0,1.0,3.5,4.5,0.5,1.3,2.0,0.5,8.8,12.8
2023-24,Playoffs,201569,75,Eric Gordon,1610612756,PHX,3,26.0,2.3,7.0,0.333,1.7,4.0,0.417,2.3,2.7,0.875,0.3,2.0,2.3,1.7,1.7,0.7,1.3,8.7,8.7
2023-24,Playoffs,202699,76,Tobias Harris,1610612755,PHI,3,35.3,3.7,9.3,0.393,1.0,3.7,0.273,0.0,0.0,0.0,1.3,6.3,7.7,1.7,0.3,0.7,1.0,8.3,12.0
2023-24,Playoffs,1627747,77,Caris LeVert,1610612739,CLE,4,25.0,3.0,9.0,0.333,0.8,3.3,0.231,1.5,2.3,0.667,0.5,1.5,2.0,2.3,0.5,0.3,1.0,8.3,5.5
2023-24,Playoffs,201143,78,Al Horford,1610612738,BOS,2,24.5,3.0,5.5,0.545,1.5,3.0,0.5,0.5,1.0,0.5,1.5,6.0,7.5,1.5,0.5,0.5,0.5,8.0,14.5
2023-24,Playoffs,202711,78,Bojan Bogdanovic,1610612752,NYK,3,16.7,2.3,8.0,0.292,2.0,5.0,0.4,1.3,2.3,0.571,0.3,3.7,4.0,1.3,0.0,0.3,0.3,8.0,6.7
2023-24,Playoffs,1627752,78,Taurean Prince,1610612747,LAL,3,20.7,3.0,5.7,0.529,1.3,3.3,0.4,0.7,0.7,1.0,0.3,2.3,2.7,0.7,0.0,0.3,0.0,8.0,9.0
2023-24,Playoffs,1629021,81,Moritz Wagner,1610612753,ORL,4,16.8,3.0,6.5,0.462,0.0,1.3,0.0,1.8,3.0,0.583,1.3,4.0,5.3,0.5,1.0,0.5,0.8,7.8,9.5
2023-24,Playoffs,1641726,82,Dereck Lively II,1610612742,DAL,3,18.3,3.0,5.3,0.563,0.0,0.0,0.0,1.7,3.3,0.5,1.0,4.0,5.0,0.3,0.3,1.7,0.7,7.7,10.3
2023-24,Playoffs,203484,82,Kentavious Caldwell-Pope,1610612743,DEN,3,35.7,2.7,8.3,0.32,1.7,6.3,0.263,0.7,0.7,1.0,0.3,1.3,1.7,1.7,1.7,0.3,1.3,7.7,6.0
2023-24,Playoffs,204456,82,T.J. McConnell,1610612754,IND,3,17.0,3.3,8.3,0.4,0.3,1.7,0.2,0.7,0.7,1.0,0.7,1.0,1.7,2.3,0.0,0.3,1.0,7.7,6.0
2023-24,Playoffs,201950,85,Jrue Holiday,1610612738,BOS,2,35.5,3.0,10.0,0.3,1.5,4.0,0.375,0.0,0.0,0.0,1.0,4.0,5.0,2.5,2.0,1.5,1.5,7.5,10.0
2023-24,Playoffs,203994,86,Jusuf Nurkic,1610612756,PHX,3,28.0,3.3,7.0,0.476,0.0,0.7,0.0,0.7,2.3,0.286,2.7,5.7,8.3,2.0,1.3,1.7,2.0,7.3,13.3
2023-24,Playoffs,1627884,87,Derrick Jones Jr.,1610612742,DAL,3,25.7,2.7,6.0,0.444,0.3,1.7,0.2,1.3,2.0,0.667,1.7,2.0,3.7,0.0,0.0,1.3,0.7,7.0,7.3
2023-24,Playoffs,201976,87,Patrick Beverley,1610612749,MIL,3,37.7,2.0,5.0,0.4,0.7,1.7,0.4,2.3,2.7,0.875,1.0,3.3,4.3,4.0,1.0,1.0,1.3,7.0,12.7
2023-24,Playoffs,201566,87,Russell Westbrook,1610612746,LAC,3,22.3,2.3,8.0,0.292,1.0,3.7,0.273,1.3,2.0,0.667,1.3,4.0,5.3,2.7,1.3,1.0,2.3,7.0,8.7
2023-24,Playoffs,1630230,90,Naji Marshall,1610612740,NOP,3,21.0,2.3,6.3,0.368,0.7,2.7,0.25,1.3,1.3,1.0,0.7,2.0,2.7,1.3,0.7,0.3,0.3,6.7,7.3
2023-24,Playoffs,1629611,90,Terance Mann,1610612746,LAC,3,27.3,2.0,6.0,0.333,1.3,2.7,0.5,1.3,1.3,1.0,2.7,2.0,4.7,1.7,0.0,0.0,0.7,6.7,8.3
2023-24,Playoffs,1630198,92,Isaiah Joe,1610612760,OKC,3,13.3,2.3,4.7,0.5,1.7,3.3,0.5,0.0,0.0,0.0,0.0,2.0,2.0,0.7,0.7,0.0,0.3,6.3,7.0
2023-24,Playoffs,1626204,92,Larry Nance Jr.,1610612740,NOP,3,21.0,2.7,4.3,0.615,0.3,0.7,0.5,0.7,1.3,0.5,4.3,4.7,9.0,2.0,0.7,0.0,2.3,6.3,13.3
2023-24,Playoffs,1629622,94,Max Strus,1610612739,CLE,4,30.8,2.5,6.5,0.385,0.8,4.3,0.176,0.5,0.5,1.0,1.0,4.0,5.0,2.3,0.8,0.0,1.3,6.3,9.0
2023-24,Playoffs,1630598,95,Aaron Wiggins,1610612760,OKC,3,14.7,2.3,3.0,0.778,0.3,0.3,1.0,1.0,1.0,1.0,1.0,2.7,3.7,1.7,0.3,0.0,1.3,6.0,9.7
2023-24,Playoffs,1628365,95,Markelle Fultz,1610612753,ORL,4,13.8,2.5,4.8,0.526,0.0,0.3,0.0,1.0,1.8,0.571,0.8,1.5,2.3,0.3,0.3,0.0,0.8,6.0,5.0
2023-24,Playoffs,1641767,97,Ben Sheppard,1610612754,IND,3,16.7,2.0,4.3,0.462,1.3,3.3,0.4,0.3,0.3,1.0,0.3,2.3,2.7,1.0,0.3,0.0,0.7,5.7,6.7
2023-24,Playoffs,1631128,97,Christian Braun,1610612743,DEN,3,16.0,2.7,6.0,0.444,0.0,2.3,0.0,0.3,1.0,0.333,1.7,1.3,3.0,0.3,0.0,0.3,0.0,5.7,5.3
2023-24,Playoffs,1629234,97,Drew Eubanks,1610612756,PHX,3,12.3,2.3,4.0,0.583,0.0,0.0,0.0,1.0,1.0,1.0,0.0,1.3,1.3,0.0,0.7,0.3,0.7,5.7,5.7
2023-24,Playoffs,1629130,100,Duncan Robinson,1610612748,MIA,2,16.0,2.0,6.0,0.333,1.5,5.0,0.3,0.0,0.0,0.0,0.0,1.5,1.5,1.0,1.0,0.0,1.5,5.5,3.5
2023-24,Playoffs,1628976,100,Wendell Carter Jr.,1610612753,ORL,4,20.5,1.8,5.0,0.35,1.0,3.0,0.333,1.0,1.5,0.667,1.3,3.0,4.3,1.0,0.0,0.0,0.8,5.5,6.3
2023-24,Playoffs,1629060,102,Rui Hachimura,1610612747,LAL,3,32.3,1.7,5.0,0.333,0.7,2.0,0.333,1.0,2.0,0.5,0.0,3.3,3.3,0.7,0.0,0.0,0.7,5.0,4.0
2023-24,Playoffs,203914,103,Gary Harris,1610612753,ORL,4,28.0,1.5,5.3,0.286,1.3,4.3,0.294,0.5,0.5,1.0,1.3,1.3,2.5,0.8,1.5,0.3,0.0,4.8,6.0
2023-24,Playoffs,1626220,104,Royce O'Neale,1610612756,PHX,3,22.7,1.7,5.0,0.333,1.3,4.0,0.333,0.0,0.0,0.0,0.7,3.7,4.3,1.0,0.0,0.0,0.7,4.7,6.0
2023-24,Playoffs,1629312,105,Haywood Highsmith,1610612748,MIA,2,26.0,1.5,5.0,0.3,1.5,4.5,0.333,0.0,0.0,0.0,0.5,2.5,3.0,1.5,0.5,0.0,0.5,4.5,5.5
2023-24,Playoffs,1627736,106,Malik Beasley,1610612749,MIL,3,15.3,1.7,4.3,0.385,1.0,3.3,0.3,0.0,0.0,0.0,0.0,2.0,2.0,0.3,0.0,0.0,0.7,4.3,3.3
2023-24,Playoffs,201587,106,Nicolas Batum,1610612755,PHI,3,29.3,1.3,3.7,0.364,1.3,3.3,0.4,0.3,0.7,0.5,0.3,4.0,4.3,1.3,0.3,1.0,0.3,4.3,8.3
2023-24,Playoffs,1630175,108,Cole Anthony,1610612753,ORL,4,14.8,1.3,5.5,0.227,0.3,2.3,0.111,1.5,1.8,0.857,0.0,2.0,2.0,1.5,0.8,0.0,0.8,4.3,3.3
2023-24,Playoffs,1641717,109,Cason Wallace,1610612760,OKC,3,18.7,1.7,3.0,0.556,0.7,1.7,0.4,0.0,0.0,0.0,1.3,0.7,2.0,1.7,1.0,0.0,0.0,4.0,7.3
2023-24,Playoffs,1630182,109,Josh Green,1610612742,DAL,3,16.3,1.0,2.3,0.429,0.3,1.3,0.25,1.7,2.0,0.833,1.7,2.7,4.3,0.7,1.3,0.7,0.0,4.0,9.3
2023-24,Playoffs,1628467,109,Maxi Kleber,1610612742,DAL,3,23.3,1.3,3.3,0.4,1.0,2.3,0.429,0.3,0.7,0.5,1.0,2.3,3.3,2.3,0.0,0.7,0.7,4.0,7.3
2023-24,Playoffs,1630202,109,Payton Pritchard,1610612738,BOS,2,22.0,1.5,3.5,0.429,1.0,2.5,0.4,0.0,0.0,0.0,0.5,2.0,2.5,4.0,0.0,0.0,0.0,4.0,8.5
2023-24,Playoffs,1631212,109,Peyton Watson,1610612743,DEN,3,14.0,1.7,4.3,0.385,0.7,2.3,0.286,0.0,0.0,0.0,0.3,0.7,1.0,0.7,0.0,0.7,0.7,4.0,3.0
2023-24,Playoffs,1629655,114,Daniel Gafford,1610612742,DAL,3,16.3,1.7,4.0,0.417,0.0,0.0,0.0,0.3,0.7,0.5,1.0,0.7,1.7,0.3,0.7,1.3,0.3,3.7,4.7
2023-24,Playoffs,1631119,114,Jaylin Williams,1610612760,OKC,3,11.3,1.3,2.3,0.571,1.0,2.0,0.5,0.0,0.0,0.0,0.0,1.7,1.7,1.3,0.3,0.0,0.0,3.7,6.0
2023-24,Playoffs,1629011,114,Mitchell Robinson,1610612752,NYK,3,20.0,1.3,2.7,0.5,0.0,0.0,0.0,1.0,2.0,0.5,4.3,3.3,7.7,0.7,0.3,1.3,0.7,3.7,10.7
2023-24,Playoffs,1626192,114,Pat Connaughton,1610612749,MIL,3,18.0,1.3,3.0,0.444,0.3,1.3,0.25,0.7,0.7,1.0,0.3,3.3,3.7,1.7,1.3,0.0,0.3,3.7,8.3
2023-24,Playoffs,1627777,118,Georges Niang,1610612739,CLE,4,18.5,1.3,5.5,0.227,0.3,2.8,0.091,0.8,1.0,0.75,0.3,1.3,1.5,0.5,0.5,0.5,1.3,3.5,0.8
2023-24,Playoffs,1630171,118,Isaac Okoro,1610612739,CLE,4,20.3,1.3,3.3,0.385,0.5,1.8,0.286,0.5,0.5,1.0,0.0,1.0,1.0,1.0,2.0,0.3,1.5,3.5,4.3
2023-24,Playoffs,201567,118,Kevin Love,1610612748,MIA,2,9.5,1.5,2.5,0.6,0.5,1.0,0.5,0.0,0.0,0.0,0.5,3.5,4.0,1.5,0.0,0.0,0.5,3.5,7.5
2023-24,Playoffs,1629006,121,Josh Okogie,1610612756,PHX,3,5.0,1.0,2.0,0.5,0.3,0.7,0.5,1.0,1.3,0.75,0.0,0.3,0.3,0.3,0.3,0.0,0.0,3.3,3.0
2023-24,Playoffs,203486,121,Mason Plumlee,1610612746,LAC,3,11.3,1.0,3.0,0.333,0.0,0.0,0.0,1.3,2.0,0.667,0.7,3.0,3.7,0.3,0.7,0.0,0.3,3.3,5.0
2023-24,Playoffs,1631260,123,AJ Green,1610612749,MIL,3,11.7,1.0,2.7,0.375,0.0,1.3,0.0,1.0,1.0,1.0,0.0,2.0,2.0,0.3,0.0,0.0,0.3,3.0,3.3
2023-24,Playoffs,1630194,123,Paul Reed,1610612755,PHI,3,9.3,1.3,1.7,0.8,0.0,0.0,0.0,0.3,0.7,0.5,2.0,1.3,3.3,0.3,0.0,0.3,0.3,3.0,6.0
2023-24,Playoffs,1630241,123,Sam Merrill,1610612739,CLE,3,10.7,1.0,2.0,0.5,1.0,2.0,0.5,0.0,0.0,0.0,0.3,1.3,1.7,1.7,0.0,0.0,0.0,3.0,5.3
2023-24,Playoffs,1629599,126,Amir Coffey,1610612746,LAC,3,18.0,1.0,3.3,0.3,0.7,2.0,0.333,0.0,0.0,0.0,0.0,1.3,1.3,0.7,0.0,0.0,1.0,2.7,1.3
2023-24,Playoffs,202704,126,Reggie Jackson,1610612743,DEN,3,8.3,1.0,4.0,0.25,0.7,2.3,0.286,0.0,0.0,0.0,0.0,0.3,0.3,1.3,0.0,0.0,0.7,2.7,0.7
2023-24,Playoffs,203915,126,Spencer Dinwiddie,1610612747,LAL,3,15.0,1.0,3.0,0.333,0.0,1.0,0.0,0.7,0.7,1.0,0.0,1.3,1.3,1.7,0.7,0.0,0.3,2.7,4.0
2023-24,Playoffs,203109,129,Jae Crowder,1610612749,MIL,3,9.7,0.7,2.7,0.25,0.3,1.7,0.2,0.7,0.7,1.0,0.7,1.0,1.7,0.3,0.0,0.3,0.0,2.3,2.7
2023-24,Playoffs,1629642,129,Nassir Little,1610612756,PHX,3,2.0,1.0,1.3,0.75,0.3,0.7,0.5,0.0,0.0,0.0,0.0,0.0,0.0,0.0,0.0,0.0,0.0,2.3,2.0
2023-24,Playoffs,1628420,131,Monte Morris,1610612750,MIN,3,9.7,1.0,3.7,0.273,0.0,1.7,0.0,0.0,0.0,0.0,0.0,1.0,1.0,1.3,0.0,0.3,0.0,2.0,2.0
2023-24,Playoffs,1630631,132,Jose Alvarado,1610612740,NOP,3,15.7,0.7,5.3,0.125,0.3,3.7,0.091,0.0,0.0,0.0,0.0,0.7,0.7,1.7,0.7,0.0,0.7,1.7,-0.7
2023-24,Playoffs,1630568,132,Luka Garza,1610612750,MIN,3,2.0,0.7,0.7,1.0,0.3,0.3,1.0,0.0,0.0,0.0,0.0,0.3,0.3,0.0,0.0,0.0,0.0,1.7,2.0
2023-24,Playoffs,1630700,134,Dyson Daniels,1610612740,NOP,3,5.7,0.7,2.0,0.333,0.0,0.7,0.0,0.0,0.0,0.0,0.0,0.7,0.7,0.0,0.7,0.0,0.3,1.3,1.0
2023-24,Playoffs,1629216,134,Gabe Vincent,1610612747,LAL,3,14.3,0.7,2.0,0.333,0.0,1.0,0.0,0.0,0.0,0.0,0.3,1.7,2.0,0.7,0.3,0.0,0.7,1.3,2.3
2023-24,Playoffs,204060,136,Joe Ingles,1610612753,ORL,4,10.8,0.5,1.5,0.333,0.0,0.8,0.0,0.3,0.5,0.5,0.3,1.8,2.0,2.0,0.8,0.0,0.0,1.3,4.8
2023-24,Playoffs,1631216,137,Caleb Houstan,1610612753,ORL,3,4.7,0.3,0.7,0.5,0.3,0.7,0.5,0.0,0.0,0.0,0.3,0.3,0.7,0.0,0.0,0.0,0.0,1.0,1.3
2023-24,Playoffs,203957,137,Dante Exum,1610612742,DAL,3,11.3,0.3,3.0,0.111,0.0,1.3,0.0,0.3,0.7,0.5,0.3,1.0,1.3,0.3,0.3,0.3,0.7,1.0,-0.3
2023-24,Playoffs,1629626,139,Bol Bol,1610612756,PHX,3,4.3,0.3,1.0,0.333,0.0,0.0,0.0,0.0,0.0,0.0,0.0,1.3,1.3,0.0,0.3,0.0,0.0,0.7,1.7
2023-24,Playoffs,1627741,139,Buddy Hield,1610612755,PHI,3,9.7,0.3,2.3,0.143,0.0,1.3,0.0,0.0,0.0,0.0,0.0,0.3,0.3,0.3,0.0,0.3,0.3,0.7,-0.7
2023-24,Playoffs,1629026,139,Kenrich Williams,1610612760,OKC,3,4.7,0.3,1.7,0.2,0.0,1.0,0.0,0.0,0.0,0.0,0.0,1.3,1.3,0.0,0.3,0.0,0.0,0.7,1.0
2023-24,Playoffs,202330,142,Gordon Hayward,1610612760,OKC,3,9.0,0.0,0.3,0.0,0.0,0.0,0.0,0.0,0.0,0.0,0.0,2.7,2.7,0.7,0.3,0.3,0.0,0.0,3.7
2023-24,Playoffs,203200,142,Justin Holiday,1610612743,DEN,3,9.0,0.0,2.3,0.0,0.0,2.3,0.0,0.0,0.0,0.0,0.3,1.0,1.3,0.3,0.7,0.0,0.0,0.0,0.0
2023-24,Playoffs,1631111,142,Wendell Moore Jr.,1610612750,MIN,3,1.7,0.0,0.3,0.0,0.0,0.3,0.0,0.0,0.0,0.0,0.0,0.0,0.0,0.0,0.0,0.0,0.0,0.0,-0.3
