MIN,FGM,FGA,FTM,FTA,EFF,TOV,AST,FG3A,FG3M,DREB
19.5,3.4,7.4,0.6,0.7,8.2,0.6,1.0,3.6,1.4,1.6
31.133,5.867,10.7,2.5,3.8,18.067,1.533,3.0,2.633,0.867,4.133
15.925,2.225,5.2,0.75,0.925,6.2,0.85,1.875,2.15,0.825,1.2
26.3,3.95,8.45,1.55,1.9,11.9,0.95,1.4,4.45,1.75,2.9
17.1,2.7,5.0,0.75,0.95,8.35,0.75,1.1,1.65,0.75,1.8
28.8,3.6,7.4,0.6,0.733,16.2,0.733,3.0,4.333,1.767,5.4
23.5,3.35,8.8,2.45,2.9,10.95,0.9,2.15,4.9,1.9,3.1
20.2,3.0,7.5,0.6,0.8,10.0,1.5,2.1,3.2,0.9,4.0
24.4,2.6,5.733,0.9,1.267,10.967,1.267,3.067,3.133,1.2,2.567
15.3,2.7,4.3,1.1,1.8,9.5,0.9,0.8,0.4,0.1,2.8
27.367,5.933,11.2,2.967,4.2,19.867,2.4,3.833,1.4,0.4,5.233
22.4,3.9,7.2,1.7,2.5,15.1,1.5,2.6,0.9,0.1,4.2
21.8,2.75,5.9,1.2,1.35,8.55,0.6,1.45,3.15,1.2,2.1
16.5,3.1,5.367,1.267,2.3,13.667,1.233,0.933,0.0,0.0,5.467
21.3,1.5,3.9,0.4,0.6,7.9,1.1,2.3,2.9,1.0,2.9
26.35,3.8,8.15,0.7,0.8,11.0,1.6,4.3,3.0,1.05,1.85
30.733,6.2,13.3,2.133,3.1,15.133,1.5,2.1,4.767,1.833,3.333
26.15,5.05,11.6,1.65,1.9,12.15,1.4,2.75,6.75,2.65,2.15
16.9,1.7,3.6,0.7,1.2,5.6,0.8,1.3,1.4,0.5,1.5
35.5,9.4,16.9,5.5,6.8,33.5,2.1,3.5,1.4,0.4,9.5
34.375,8.15,18.325,3.85,4.85,20.025,2.8,4.05,7.4,2.625,4.425
19.3,2.4,5.1,0.7,1.0,8.7,0.9,1.5,3.2,1.2,2.6
18.5,2.5,5.7,0.5,0.8,8.6,0.9,0.9,1.9,0.5,3.5
25.1,3.7,7.6,1.1,1.9,13.1,1.3,1.9,1.8,0.3,4.3
28.033,4.0,8.133,2.667,3.1,14.0,1.433,3.567,3.733,1.367,2.833
22.1,2.2,5.2,0.5,0.7,5.9,0.8,1.3,3.4,1.2,1.4
22.7,2.4,5.6,0.3,0.3,6.4,0.6,0.8,3.4,1.3,1.7
27.567,3.933,7.833,0.867,1.133,11.4,1.333,3.033,2.9,1.067,2.233
34.033,7.533,13.9,4.267,5.467,25.2,2.467,4.167,0.3,0.067,7.167
18.6,2.95,7.65,0.9,1.2,6.45,0.85,0.8,5.9,2.1,1.5
32.4,5.6,10.1,3.0,4.9,21.3,3.0,6.9,0.2,0.1,5.6
27.3,5.15,11.7,3.95,4.8,13.0,1.75,1.75,3.8,1.35,2.95
27.2,3.0,6.9,1.5,2.1,10.0,1.4,1.7,2.9,1.0,3.2
17.35,2.1,3.55,0.55,1.35,8.8,0.95,1.05,0.0,0.0,3.0
14.4,1.7,3.5,0.9,1.3,6.1,0.9,2.7,0.9,0.2,1.2
24.875,5.475,10.975,1.15,1.5,17.25,1.1,1.275,3.45,1.375,6.225
29.85,5.7,13.25,1.7,1.95,15.15,1.25,3.1,7.7,2.85,3.15
31.267,6.333,13.7,3.633,4.2,15.733,1.933,2.067,6.4,2.533,3.3
21.5,3.7,6.8,1.2,1.5,12.4,1.6,1.0,1.6,0.4,4.8
19.0,3.3,8.3,1.6,1.8,10.0,1.2,2.8,5.2,1.9,2.5
17.3,1.9,4.9,1.5,1.7,6.6,1.2,2.9,1.4,0.3,1.4
35.8,11.2,23.0,6.8,7.7,26.1,3.1,4.4,6.2,2.2,3.5
26.6,3.7,8.1,0.7,1.1,13.7,1.2,3.7,3.2,1.2,4.2
21.75,4.4,7.7,1.3,1.95,14.6,0.55,1.45,0.8,0.2,3.55
33.6,8.1,16.95,4.2,5.0,21.7,2.5,5.3,4.95,1.8,4.35
32.2,6.4,14.6,1.9,2.3,15.0,1.8,2.4,6.7,2.5,3.4
29.367,5.1,10.067,1.667,2.033,16.567,1.1,1.2,4.6,1.667,3.967
25.8,3.95,7.875,1.45,1.9,13.15,1.1,2.5,1.95,0.675,3.45
14.9,1.7,3.9,1.1,1.4,5.2,0.5,0.9,1.7,0.6,1.4
18.2,3.35,7.4,0.9,1.05,7.15,0.65,0.8,4.4,1.9,1.25
30.475,5.375,12.675,1.125,1.35,14.775,1.65,3.0,8.575,3.35,3.625
20.2,2.1,5.3,1.0,1.4,7.6,1.0,1.5,2.2,0.6,2.8
34.2,7.9,17.567,2.0,2.667,19.7,2.033,5.133,7.733,3.1,3.6
33.05,7.6,17.45,3.0,3.5,19.15,3.55,6.55,5.55,1.85,4.2
13.8,1.4,3.5,0.4,0.4,4.0,0.3,0.5,3.3,1.2,0.9
23.775,3.175,7.0,1.125,1.475,10.025,0.95,1.55,2.975,1.05,2.9
24.5,5.65,12.75,2.8,3.35,12.1,1.35,2.05,4.3,1.45,2.5
25.933,4.133,9.333,1.267,1.533,12.3,0.8,1.767,5.867,2.3,3.233
18.9,3.333,7.633,0.933,1.1,10.1,1.2,3.7,3.267,1.233,1.967
29.9,5.3,12.267,2.2,2.9,14.667,1.733,4.433,4.567,1.567,3.167
25.25,4.65,10.9,1.95,2.25,12.2,0.9,1.25,5.25,2.05,2.95
20.6,2.6,5.4,0.4,0.5,8.6,0.5,1.5,2.9,1.2,1.6
21.375,3.275,7.7,1.025,1.425,8.825,0.95,2.025,4.525,1.575,2.2
29.4,6.2,11.6,2.7,3.4,22.1,1.6,2.4,4.3,1.6,6.3
15.85,2.7,5.4,1.0,1.3,9.2,0.75,0.8,1.85,0.55,3.65
21.767,3.867,7.833,2.033,2.6,14.2,0.6,0.6,3.1,1.067,4.067
12.2,1.4,3.6,0.4,0.6,4.3,0.4,0.7,2.2,0.7,1.4
30.675,5.125,10.825,2.0,2.325,20.425,1.95,8.85,3.7,1.375,3.875
17.85,2.3,4.85,0.8,1.2,7.6,0.6,1.2,1.65,0.6,2.3
28.35,6.2,12.2,3.1,4.55,20.45,1.85,2.05,4.55,1.75,7.25
25.0,3.1,8.2,0.8,0.9,11.2,0.8,1.7,5.3,1.7,4.3
27.525,5.45,8.975,1.55,2.675,22.025,0.9,1.025,0.0,0.0,7.7
29.65,5.1,11.75,1.7,1.95,13.875,1.625,3.9,6.0,2.225,3.25
21.3,2.25,4.8,0.8,1.15,9.0,0.85,2.1,1.65,0.6,2.5
26.667,4.733,11.2,2.667,3.133,14.767,1.9,4.167,4.267,1.467,3.967
30.95,7.65,15.85,4.65,5.55,18.55,2.45,4.65,4.3,1.6,1.95
25.833,3.9,8.167,1.033,1.333,10.367,0.833,1.433,5.133,2.0,2.267
22.467,2.767,6.233,1.167,1.433,9.667,1.167,3.5,2.467,0.933,1.867
32.4,6.333,14.2,2.533,3.067,18.167,2.4,6.533,7.367,2.8,2.7
19.8,2.4,6.0,1.5,1.6,8.2,1.1,3.3,3.8,1.5,1.3
10.9,1.3,3.2,0.4,0.7,4.3,0.8,1.5,0.8,0.2,1.3
11.5,1.2,2.7,0.4,0.7,4.8,0.5,1.4,1.3,0.3,1.4
35.8,8.667,19.367,7.333,7.933,27.0,2.967,7.267,10.1,3.767,3.867
19.767,2.533,5.667,1.0,1.133,8.4,0.733,1.2,3.233,1.3,2.7
19.95,3.825,5.375,1.5,2.225,14.775,0.95,1.025,0.0,0.0,3.625
20.75,3.25,6.05,0.85,1.25,11.4,0.85,1.35,1.75,0.6,3.35
24.65,3.95,9.15,2.65,2.9,12.95,0.7,1.5,4.75,1.85,3.95
24.9,2.6,6.55,0.3,0.4,9.25,0.85,1.35,5.35,2.1,2.5
17.2,2.8,6.1,1.2,1.5,10.7,1.2,2.3,3.1,1.2,3.3
29.55,4.5,10.95,2.0,2.85,12.9,1.75,1.6,4.55,1.35,5.8
34.767,7.433,16.2,3.1,3.533,19.467,3.167,7.5,5.867,2.3,2.333
18.05,2.55,6.15,0.65,0.95,6.5,0.85,1.0,2.75,0.8,2.2
20.367,3.0,6.9,0.467,0.7,7.467,0.967,2.8,3.0,0.967,1.333
25.7,3.4,8.4,1.8,2.0,10.3,0.6,0.9,7.5,3.0,2.6
15.1,2.8,4.8,1.2,2.0,11.7,1.1,1.4,0.2,0.1,3.7
34.925,9.2,19.175,4.625,6.2,22.75,2.725,6.125,5.625,1.9,3.425
31.7,5.7,12.3,2.6,3.1,13.4,1.2,1.4,4.3,1.5,3.6
23.567,3.567,8.533,0.967,1.233,11.867,1.367,2.6,4.8,1.867,3.1
21.9,3.3,4.4,0.8,1.6,14.7,1.5,1.6,0.0,0.0,5.4
19.1,2.3,4.5,0.9,1.3,8.1,1.4,2.1,1.0,0.3,2.2
35.95,8.7,17.525,6.475,7.45,24.275,2.05,5.55,1.95,0.625,4.0
19.2,2.1,4.9,0.5,0.6,8.0,0.5,1.2,3.4,1.2,2.8
30.2,7.2,11.733,2.0,2.633,23.033,1.633,1.5,0.333,0.1,7.433
34.7,7.975,17.35,2.325,2.9,22.875,2.275,6.775,4.9,1.675,5.575
23.3,2.7,5.85,1.15,1.4,11.75,0.95,3.4,2.1,0.8,2.7
26.05,3.525,7.8,1.525,2.075,13.0,1.35,2.45,3.125,1.025,5.1
30.375,4.825,11.275,2.825,3.35,14.175,2.125,5.225,3.85,1.325,2.6
16.7,2.5,6.7,0.3,0.3,7.1,0.7,1.7,3.9,1.3,2.8
15.3,2.3,3.6,0.9,1.2,10.9,0.5,0.6,0.0,0.0,3.5
20.067,2.467,5.1,1.1,1.567,8.3,0.633,0.767,2.233,0.733,1.967
30.067,4.7,10.467,2.2,2.5,16.267,1.433,4.667,5.5,2.0,3.133
27.933,5.967,12.667,1.833,2.067,16.233,1.533,2.933,5.967,2.533,3.567
34.8,9.467,19.767,5.233,5.967,23.967,2.7,5.333,6.2,2.267,3.933
25.8,4.633,10.4,1.433,1.733,12.7,0.933,2.3,4.8,1.7,3.167
25.633,3.567,9.6,1.767,2.167,10.967,1.2,4.1,6.9,2.467,1.833
15.9,2.4,4.3,1.1,1.5,10.4,1.0,0.7,0.7,0.3,4.2
30.333,5.467,13.233,1.9,2.333,11.733,1.467,2.2,5.567,1.9,2.5
35.2,7.475,13.0,3.9,5.325,30.175,3.175,6.85,1.7,0.55,9.4
34.333,9.4,20.567,4.567,5.367,23.0,2.8,4.967,9.267,3.5,3.4
27.633,4.2,9.667,0.9,1.167,13.833,1.467,3.1,6.4,2.533,3.6
31.0,3.5,7.9,0.6,0.825,11.85,0.9,1.675,5.1,1.9,3.3
19.7,3.667,7.567,0.733,0.967,8.7,0.7,1.267,4.2,1.7,1.667
31.5,3.05,6.25,1.1,1.45,18.45,2.9,7.85,1.9,0.5,6.25
16.85,2.475,4.175,1.225,1.65,10.475,0.9,1.025,0.125,0.05,3.3
28.433,4.2,9.7,0.9,1.033,11.267,1.1,2.067,7.8,3.067,2.667
17.9,3.4,7.3,1.0,1.4,9.7,0.8,1.0,3.6,1.3,2.3
25.7,4.1,10.1,2.0,2.4,8.9,0.6,1.3,2.9,0.8,2.7
16.75,2.4,4.05,1.7,2.7,11.9,1.2,0.75,0.3,0.1,4.85
17.775,2.275,3.35,1.55,2.075,9.975,0.725,1.125,0.25,0.075,2.4
20.0,1.9,4.3,0.5,0.8,8.55,1.0,2.5,1.85,0.6,2.75
16.2,2.8,5.3,1.3,1.6,7.3,1.0,0.9,1.7,0.7,1.4
23.6,4.3,9.9,1.2,1.7,9.9,1.6,3.2,1.6,0.4,2.4
24.4,4.7,7.8,1.8,2.3,19.8,1.1,1.2,0.1,0.0,7.1
29.7,4.3,10.3,1.9,2.7,12.1,1.6,3.8,5.0,1.7,3.0
28.15,4.1,9.3,1.45,1.7,10.35,1.3,2.35,5.5,2.05,1.65
12.7,2.0,4.1,1.1,1.5,5.6,0.5,0.6,1.9,0.7,1.3
29.5,5.0,12.1,1.0,1.4,11.3,1.3,2.1,7.7,3.0,2.2
34.1,6.35,12.0,2.5,3.75,20.5,1.85,2.65,1.3,0.3,6.4
20.05,1.7,4.7,1.05,1.3,8.15,1.05,3.5,3.15,1.05,1.55
11.8,1.5,3.8,0.4,0.4,4.4,0.5,1.2,1.9,0.7,1.2
31.933,6.633,13.833,3.2,3.733,17.567,1.833,3.367,4.167,1.367,3.633
36.975,6.35,15.9,3.175,3.575,20.625,2.025,7.075,8.975,3.275,3.6
20.2,2.9,7.35,1.05,1.4,7.7,0.75,1.7,4.45,1.45,2.0
24.65,3.25,7.9,0.8,0.95,8.6,1.4,2.8,4.95,1.75,1.6
22.95,2.35,5.9,0.6,0.8,7.35,0.85,1.75,3.35,1.1,2.1
19.167,1.967,4.733,1.333,1.633,6.667,0.367,0.667,3.967,1.533,1.533
28.4,3.9,9.1,1.4,1.6,9.7,1.0,1.8,5.0,1.9,1.4
17.6,3.0,4.8,0.5,0.8,10.4,0.6,0.9,1.7,0.6,2.5
31.575,5.775,13.775,1.875,2.3,12.825,0.8,1.675,7.1,2.7,2.275
20.125,3.0,6.775,0.525,0.6,8.15,0.775,1.075,4.725,1.9,2.4
33.3,10.825,18.925,7.425,10.975,34.375,3.5,5.975,2.9,0.85,9.35
15.4,2.0,3.4,0.9,1.4,10.0,0.7,1.3,0.2,0.0,2.9
15.0,2.4,5.8,0.5,0.8,5.9,1.1,2.6,2.5,0.9,1.1
21.1,3.2,7.4,0.7,0.9,7.2,0.8,1.1,4.0,1.5,1.8
24.1,2.675,5.875,1.05,1.325,9.525,1.025,1.5,3.375,1.35,2.85
29.4,3.933,8.467,1.433,1.633,12.933,1.0,2.267,5.633,2.367,2.867
22.75,4.4,9.05,2.05,3.1,12.3,1.25,1.6,1.6,0.45,3.85
32.825,4.85,10.1,3.5,4.225,15.675,1.2,2.175,4.525,1.725,3.9
17.9,3.3,5.1,1.6,2.6,14.6,0.8,0.4,0.0,0.0,5.0
20.7,2.3,5.0,0.3,0.5,8.3,0.5,1.1,2.9,1.2,2.2
30.0,3.667,7.567,1.833,2.2,13.0,1.267,2.4,2.767,1.0,2.567
25.15,4.525,10.775,2.575,3.0,13.4,1.225,3.45,5.45,2.05,2.9
27.775,3.075,6.6,1.45,2.0,9.4,0.9,1.675,2.725,0.925,1.95
21.033,2.867,4.767,1.133,1.633,14.0,1.067,2.033,0.3,0.1,4.1
14.7,2.7,4.45,1.35,2.0,10.5,0.75,0.8,0.15,0.0,2.55
18.8,2.95,6.6,0.85,1.05,8.85,0.55,1.25,4.95,2.05,1.95
23.4,3.4,7.0,1.4,1.9,11.6,1.9,1.8,1.8,0.5,4.1
23.5,3.4,6.45,0.95,1.45,13.9,1.1,1.05,0.75,0.25,4.9
17.3,2.8,6.6,0.2,0.4,8.2,1.2,3.8,1.0,0.4,1.8
15.3,1.4,3.8,0.4,0.5,5.6,0.4,0.9,2.9,1.0,1.6
25.4,4.25,6.6,2.025,2.725,17.5,1.325,1.325,0.025,0.0,5.825
13.2,1.35,3.15,0.35,0.5,4.4,0.4,0.5,1.55,0.5,1.65
32.25,8.05,17.55,5.2,7.0,21.9,3.3,7.75,4.35,1.35,4.0
17.75,2.7,5.65,1.0,1.2,9.55,0.9,0.9,2.65,0.95,3.15
15.8,3.9,6.2,1.4,2.0,13.6,1.3,0.6,0.1,0.0,4.5
31.45,4.8,11.15,2.05,2.5,15.75,1.25,1.45,4.95,1.65,6.0
23.6,3.3,7.1,1.8,2.4,12.5,0.9,1.0,1.9,0.6,5.0
13.5,2.7,6.6,0.8,1.0,5.9,0.8,1.5,3.1,1.1,1.5
29.95,5.45,12.95,3.25,4.35,13.8,2.85,4.5,4.75,1.6,2.6
27.4,3.8,7.875,0.825,1.15,10.8,1.1,1.375,3.4,1.2,2.75
27.8,3.25,8.15,1.05,1.3,12.2,0.85,2.0,5.85,2.2,4.5
23.833,3.633,7.233,1.2,1.7,11.7,1.267,2.1,2.2,0.7,3.1
28.2,4.5,9.3,1.9,2.3,12.9,1.5,2.6,2.7,0.9,2.7
27.4,5.067,8.2,1.333,2.467,19.3,1.5,2.467,0.0,0.0,5.367
31.825,7.525,15.25,3.6,4.3,20.0,1.825,5.3,4.4,1.775,3.125
27.0,4.8,7.55,1.85,2.65,19.6,1.75,1.75,0.05,0.0,7.0
32.6,6.8,16.1,3.7,4.633,15.467,2.3,3.267,7.167,2.433,3.6
14.9,2.3,4.6,0.7,1.1,8.5,0.6,1.2,1.5,0.4,3.3
23.9,3.5,7.7,1.5,1.7,11.2,1.2,1.6,2.9,1.0,3.5
18.0,3.7,7.0,1.35,1.85,12.65,0.9,1.0,2.6,0.9,3.8
27.0,4.5,9.5,1.6,2.1,13.1,1.8,2.7,5.1,2.0,2.4
30.8,6.5,12.3,2.3,2.8,18.55,1.65,3.9,3.05,1.25,3.45
32.15,7.65,16.35,2.75,3.2,21.0,2.15,6.35,6.2,2.55,3.3
36.1,5.867,13.733,5.6,6.4,25.667,3.467,9.833,6.967,2.567,5.633
19.85,2.6,5.7,0.7,1.2,8.65,0.95,2.0,1.9,0.5,2.7
17.3,3.0,4.8,1.1,1.6,10.7,1.0,0.9,0.0,0.0,3.6
29.3,6.633,14.633,4.167,5.2,19.067,1.933,1.467,5.033,1.667,4.5
22.433,2.767,4.8,1.1,1.733,13.567,1.0,1.633,0.5,0.133,4.9
31.3,5.767,9.167,2.867,4.0,22.6,1.533,2.033,0.167,0.033,6.933
23.4,2.7,5.0,1.2,1.5,10.9,0.5,0.9,1.6,0.6,2.8
16.2,2.733,4.3,1.467,1.967,9.9,0.7,0.567,0.367,0.133,2.567
34.375,9.275,19.025,3.475,4.625,22.05,2.675,3.5,6.825,2.45,5.025
17.5,3.75,8.15,1.2,1.5,9.2,0.8,2.05,3.1,1.0,1.85
13.0,1.4,3.3,0.5,0.6,7.2,0.5,1.6,2.1,0.8,2.9
36.075,9.425,20.4,5.675,6.65,27.175,2.75,4.55,8.425,3.05,7.1
22.833,3.2,6.533,1.867,2.3,9.833,0.767,1.267,2.667,0.967,2.533
17.3,2.2,5.2,1.6,1.9,7.2,1.2,2.4,1.5,0.7,1.3
34.8,7.15,15.9,4.9,5.9,18.55,1.9,2.6,5.9,2.2,3.85
29.6,4.6,10.5,1.5,1.9,14.6,1.9,3.4,3.1,0.9,4.6
15.5,2.0,4.9,0.2,0.25,5.8,0.575,1.6,3.15,1.2,1.4
33.667,7.033,13.767,6.967,8.133,25.933,1.8,5.8,2.0,0.7,4.133
14.2,2.6,4.9,1.1,1.5,8.8,0.9,1.0,1.2,0.3,2.3
25.8,3.95,8.05,0.45,0.65,11.1,0.75,1.65,5.45,2.5,2.45
22.55,2.8,5.85,0.75,0.9,11.15,1.35,3.85,4.25,1.85,2.5
33.167,9.933,19.1,9.6,11.4,33.6,3.2,3.733,3.233,1.167,8.8
29.1,5.9,11.067,2.3,2.8,18.467,1.267,1.167,3.367,1.2,5.667
19.35,1.9,4.0,0.4,0.6,9.2,0.45,1.45,2.15,0.75,3.4
26.75,6.125,10.95,2.5,3.125,22.05,1.85,2.075,1.475,0.525,7.625
15.8,2.5,4.9,1.0,1.4,10.4,0.5,0.5,1.9,0.7,3.2
21.333,4.5,8.533,2.067,2.933,12.0,1.367,1.667,2.167,0.733,2.867
28.8,6.7,15.6,2.333,2.767,14.867,2.1,3.133,7.967,2.667,2.933
17.8,2.5,5.7,0.9,1.1,9.6,0.9,2.7,1.9,0.6,2.4
17.3,2.6,6.8,1.0,1.2,6.5,0.6,1.0,4.4,1.6,1.8
16.45,1.7,3.95,0.5,0.6,7.4,0.8,3.35,1.6,0.5,1.45
19.15,3.05,7.35,0.85,1.05,8.35,1.0,1.2,3.55,1.35,2.95
27.375,5.8,13.5,3.05,3.425,14.2,2.25,3.7,7.0,2.425,2.3
21.5,3.3,8.0,1.1,1.3,9.3,1.3,3.0,4.0,1.4,1.9
15.15,2.7,5.95,0.9,1.2,6.4,1.2,1.55,2.0,0.55,1.3
28.15,6.05,12.65,1.35,1.75,18.85,2.45,5.5,3.05,1.0,5.45
20.6,2.65,5.1,0.8,1.15,8.3,0.95,1.45,2.0,0.75,1.85
32.85,3.6,7.6,1.4,1.85,17.0,1.5,3.95,2.7,0.9,6.35
25.2,4.8,11.4,2.6,3.5,11.5,2.3,2.3,4.1,1.2,3.2
18.367,1.8,4.5,1.533,2.067,7.167,0.733,1.233,2.033,0.633,1.633
26.133,3.933,9.067,1.433,1.567,10.933,1.2,2.367,4.267,1.567,2.233
32.65,6.55,13.35,1.75,2.15,20.35,2.4,6.275,5.1,2.075,3.725
17.25,1.95,3.55,0.45,0.8,8.65,1.05,2.25,1.45,0.55,2.95
17.3,2.5,5.8,1.2,1.9,7.8,0.5,0.7,3.2,1.1,3.1
19.8,2.2,5.4,1.0,1.2,8.0,0.8,1.4,3.7,1.4,2.2
36.133,8.033,18.167,4.767,6.167,24.633,3.2,5.067,6.4,2.267,8.433
24.333,2.867,6.967,0.567,0.7,8.467,0.633,1.533,5.033,1.9,2.133
27.3,4.2,8.3,2.2,3.4,20.4,2.3,4.0,1.2,0.3,8.1
20.5,3.367,6.133,1.067,1.667,10.1,0.8,1.233,1.733,0.567,2.733
33.05,8.2,15.85,4.65,5.5,25.8,3.0,3.3,5.1,2.1,7.0
34.2,8.95,17.3,4.35,4.95,26.45,1.9,4.4,4.9,2.0,5.15
31.7,5.1,11.25,1.05,1.3,14.55,0.8,1.45,6.45,2.5,3.8
18.95,2.9,5.7,1.3,1.6,9.5,0.8,1.1,1.5,0.55,2.8
30.65,6.225,13.475,2.725,3.575,16.25,1.45,2.4,4.925,1.725,4.475
26.567,4.133,8.2,2.3,2.733,16.7,2.067,3.667,3.6,1.333,4.867
29.067,5.633,12.8,2.167,3.033,14.067,1.167,1.3,5.767,1.867,3.667
21.65,4.2,9.1,0.75,0.85,9.85,1.15,1.95,4.45,1.65,2.05
18.25,2.6,5.15,0.3,0.6,9.0,0.85,1.8,1.9,0.8,2.5
19.9,2.6,5.9,0.8,1.2,8.9,1.2,1.6,2.7,1.1,3.0
30.375,3.85,8.6,1.475,1.7,11.475,1.1,2.15,4.5,1.825,2.375
37.2,10.0,19.1,4.8,5.6,27.7,3.3,5.0,5.4,2.2,6.1
28.55,4.7,10.3,0.8,1.0,12.975,1.1,2.925,5.825,2.2,2.875
15.1,2.4,5.3,0.7,1.0,6.6,0.8,0.5,3.0,1.0,2.3
21.25,3.55,8.55,1.75,2.1,13.75,1.2,2.05,5.6,2.05,5.8
32.8,6.05,14.1,2.75,3.85,17.5,3.15,5.95,6.65,2.45,3.85
20.025,2.3,3.85,0.825,1.325,12.6,0.65,2.075,0.075,0.025,4.425
27.0,4.3,10.9,2.5,3.0,11.2,2.5,4.4,5.9,2.0,2.6
22.8,2.8,5.7,1.4,1.9,11.7,0.7,1.3,0.8,0.2,3.2
32.9,7.15,15.65,3.5,3.95,21.05,2.75,5.4,6.0,2.35,5.0
26.65,3.35,8.85,1.05,1.3,10.8,2.0,5.2,3.15,0.9,2.55
16.7,2.4,6.2,0.8,0.9,6.2,0.6,2.3,2.2,0.7,1.1
31.35,7.15,16.4,1.65,1.85,15.9,1.65,2.35,9.8,3.95,3.2
18.9,2.2,4.7,0.3,0.5,9.7,1.2,3.8,1.7,0.6,2.1
21.7,2.3,5.9,0.6,0.9,7.4,0.9,1.3,3.0,0.8,2.2
32.6,7.8,15.7,5.4,6.4,25.7,2.1,2.7,5.5,2.1,6.6
24.95,3.425,7.25,1.425,1.975,13.975,1.225,3.85,1.875,0.65,4.1
32.425,7.0,15.475,2.2,2.95,18.3,2.5,3.325,6.3,2.15,6.0
31.05,3.55,8.15,1.7,2.05,14.9,2.05,5.85,5.15,1.95,3.35
35.767,9.933,19.9,3.7,4.067,26.5,2.1,5.567,7.533,2.967,4.033
30.55,6.45,14.95,2.65,3.2,20.95,3.05,6.85,6.3,2.35,4.95
17.1,2.3,4.85,0.7,1.05,6.6,0.55,0.6,1.25,0.4,2.25
21.9,2.9,7.25,1.05,1.25,7.6,0.7,1.6,5.15,1.95,1.65
20.55,2.6,4.35,0.8,1.1,11.9,0.7,1.85,0.85,0.3,3.65
30.333,6.233,13.0,3.033,3.467,18.4,1.267,1.367,6.567,2.5,5.333
35.3,9.6,17.9,4.3,5.7,29.9,3.5,8.3,5.1,2.1,6.4
21.933,4.1,9.867,1.167,1.433,8.967,1.0,1.733,4.8,1.7,2.233
31.8,5.3,12.7,0.9,1.2,17.2,2.2,5.7,8.3,3.1,4.2
21.6,4.0,9.8,2.3,2.6,9.9,1.6,3.4,2.6,1.0,1.8
29.6,4.333,10.8,2.2,2.9,11.567,1.2,1.733,5.6,2.0,2.833
35.85,10.525,21.925,6.35,8.45,32.3,4.1,8.775,8.975,3.225,7.925
23.1,3.467,7.4,0.667,0.767,10.2,0.833,1.767,4.733,2.2,2.567
13.65,1.95,2.85,0.65,0.75,8.7,0.35,0.95,0.1,0.0,1.95
12.7,2.0,4.7,0.8,1.0,5.8,0.9,1.9,2.4,0.8,1.3
22.4,3.85,8.85,0.8,0.95,8.3,1.2,2.0,3.75,1.2,1.95
30.25,6.6,14.2,2.55,2.95,18.85,1.8,4.8,5.55,2.3,3.9
26.8,4.3,10.5,0.5,0.667,10.5,0.767,1.467,7.7,2.9,2.933
25.467,5.067,11.2,2.0,2.333,13.933,1.867,3.967,5.633,2.1,2.567
19.1,1.7,3.7,0.7,1.0,9.6,1.0,2.1,2.3,1.0,3.4
27.25,4.5,10.05,1.15,1.45,11.9,0.95,1.4,4.95,2.1,3.5
19.0,3.1,7.2,0.8,0.9,8.6,1.3,3.3,3.4,1.3,1.6
32.2,4.15,10.0,1.7,2.2,14.65,2.25,6.1,5.35,1.8,2.8
29.6,5.8,11.3,1.9,2.4,17.1,2.3,5.7,1.5,0.5,2.8
19.7,2.5,6.2,0.6,0.8,8.1,0.9,1.2,3.4,1.1,3.6
25.8,3.733,5.767,1.8,3.1,17.667,1.6,3.267,0.033,0.0,6.0
21.325,1.825,4.175,0.3,0.45,7.375,0.5,1.05,2.525,0.85,1.525
14.1,1.5,3.6,0.5,0.7,5.1,0.5,0.9,1.8,0.6,1.9
27.9,4.033,9.533,0.9,1.1,11.667,1.1,2.5,6.767,2.533,3.033
24.6,2.4,6.0,0.8,1.1,10.8,0.8,1.2,4.3,1.4,4.7
30.667,6.7,13.3,1.433,1.833,18.733,1.167,1.2,6.8,2.833,5.333
34.475,6.15,12.725,2.5,2.975,17.425,1.275,2.825,5.175,2.0,3.4
29.3,4.55,10.275,1.9,2.275,16.05,1.6,5.975,5.725,2.35,2.45
15.0,2.1,4.6,0.6,0.8,7.6,0.4,0.8,3.3,1.3,2.6
16.7,1.5,4.1,0.2,0.2,5.0,0.4,0.8,3.0,1.0,2.1
34.067,6.767,14.033,2.433,3.0,19.733,1.833,3.1,5.567,2.0,5.667
19.5,3.0,6.7,0.6,0.7,8.0,0.4,1.7,3.9,1.6,1.0
26.3,3.4,4.75,1.1,2.3,17.1,0.75,0.7,0.0,0.0,4.7
9.6,0.6,1.8,0.1,0.1,2.9,0.3,0.5,1.6,0.6,1.1
25.7,4.2,8.7,0.8,1.0,16.3,1.1,1.2,4.0,1.5,6.0
28.65,4.5,9.3,1.0,1.15,14.4,1.0,4.85,3.75,1.5,2.85
23.0,5.2,8.25,2.8,3.95,17.0,1.05,1.55,0.15,0.05,3.95
16.45,3.65,6.6,1.9,2.3,11.4,1.05,1.3,2.3,0.75,2.95
15.25,2.3,5.0,0.85,1.1,6.75,0.6,0.85,2.55,0.95,1.6
12.8,2.0,4.4,0.2,0.4,4.6,0.3,0.4,3.6,1.4,0.9
28.2,6.35,11.8,3.35,4.3,20.75,1.55,1.35,4.1,1.5,5.8
21.15,2.9,6.5,1.4,1.8,9.7,1.15,2.2,2.55,0.9,2.9
19.4,4.225,8.375,1.425,2.0,12.475,1.225,1.075,3.225,1.2,3.525
16.1,2.3,4.8,0.8,1.1,9.3,1.2,2.2,2.1,0.8,3.3
24.2,2.1,3.5,0.8,1.1,12.8,1.0,0.7,0.0,0.0,4.1
29.85,5.3,7.95,1.65,3.0,21.55,1.3,2.0,0.05,0.0,7.0
22.5,3.45,5.2,2.05,2.75,14.8,1.0,0.7,0.0,0.0,4.8
20.333,3.0,7.367,0.833,1.167,8.033,1.067,2.233,4.0,1.4,1.8
24.9,2.475,5.475,0.45,0.625,10.725,0.7,1.9,3.975,1.55,3.45
34.1,10.075,17.1,4.825,5.825,37.775,3.375,8.75,3.075,1.125,9.475
33.6,8.0,16.4,1.55,1.875,24.775,1.75,3.375,4.775,1.65,8.9
28.1,5.633,11.733,3.033,3.6,13.933,1.433,1.6,5.3,2.2,2.467
35.6,6.3,13.2,2.1,2.5,17.0,2.0,2.0,5.5,2.1,3.5
16.225,3.0,5.85,0.775,1.0,8.925,0.65,1.05,2.625,0.9,2.475
20.8,2.55,6.05,0.7,0.95,6.75,0.75,1.1,3.3,1.1,1.55
23.1,4.0,6.2,1.9,2.5,16.3,1.0,1.0,0.2,0.1,4.5
20.0,2.5,6.25,1.65,2.3,8.7,0.65,0.9,2.95,0.95,3.05
22.2,3.1,6.6,0.8,1.0,12.6,0.6,1.5,3.4,1.3,4.4
27.0,2.1,4.7,0.5,0.7,9.4,0.85,1.65,2.5,0.95,3.45
30.175,4.8,10.85,1.425,1.975,14.675,1.525,2.275,5.175,1.825,4.35
34.4,7.35,16.6,5.3,7.2,20.0,2.95,4.55,4.2,1.35,5.8
36.075,8.5,17.35,4.35,5.675,24.325,2.3,4.975,3.675,1.2,5.85
23.65,2.65,6.175,0.525,0.725,9.85,0.525,1.475,4.5,1.65,3.425
24.167,2.467,6.033,1.133,1.5,10.9,1.033,3.467,3.433,1.133,2.9
28.1,3.7,7.85,1.2,1.55,11.2,1.3,1.3,2.65,1.1,3.35
26.9,3.85,9.4,0.8,0.9,9.4,0.95,2.35,6.65,2.6,1.55
33.75,8.05,17.15,3.65,4.05,22.8,2.7,4.35,7.8,3.25,5.25
20.8,3.4,7.2,1.3,1.8,11.8,0.9,1.8,2.6,0.9,3.3
15.15,2.5,4.45,0.65,0.85,10.15,0.75,0.85,0.4,0.15,2.9
18.533,2.9,6.433,0.5,0.567,8.967,0.7,2.4,4.0,1.567,1.9
18.6,2.6,5.6,0.9,1.3,8.4,0.7,1.1,1.9,0.6,2.5
19.2,2.933,6.1,0.967,1.7,9.967,1.0,0.967,1.133,0.4,3.567
29.9,4.0,8.5,1.1,1.4,11.9,1.0,2.1,5.7,2.2,2.5
19.65,2.7,6.6,1.15,1.7,7.65,1.2,2.1,2.3,0.75,2.8
33.75,7.0,15.775,3.65,5.0,16.475,2.125,3.025,4.925,1.75,4.6
20.75,3.1,6.65,1.2,1.4,9.25,0.95,2.7,2.15,0.75,1.85
29.433,3.1,7.333,0.567,0.667,9.7,0.6,1.367,5.667,2.167,3.167
25.2,4.55,10.9,1.2,1.425,10.925,1.6,3.775,4.675,1.65,2.225
29.2,6.0,9.4,2.2,2.8,21.1,1.2,1.7,0.2,0.0,5.9
26.1,2.8,7.3,1.9,2.2,13.3,1.6,6.4,3.1,1.0,2.9
29.65,2.9,7.15,0.75,0.95,13.4,1.0,1.5,4.95,1.85,5.25
24.25,4.0,5.5,1.0,1.45,19.05,1.0,1.9,0.0,0.0,5.0
19.1,3.8,6.0,1.4,1.9,10.7,1.1,0.8,0.3,0.1,1.8
17.1,1.7,4.7,0.4,0.5,4.1,0.7,1.0,2.1,0.6,1.5
29.775,2.7,6.475,0.525,0.65,12.3,1.15,2.875,4.675,1.775,4.45
21.6,4.2,10.0,1.3,1.6,11.8,1.0,1.4,4.4,1.7,4.1
31.925,5.35,7.95,3.575,5.5,25.3,1.7,1.225,0.05,0.0,9.65
27.2,5.067,10.2,1.7,2.233,13.167,0.9,1.167,2.767,1.0,3.933
30.575,6.425,14.55,3.0,4.55,20.375,3.55,7.7,3.45,1.025,6.05
30.15,4.675,11.45,2.45,2.875,13.9,0.975,1.8,6.275,2.225,3.825
19.05,2.75,6.05,0.2,0.2,8.65,0.4,0.95,5.05,2.15,2.5
17.5,2.6,6.4,0.4,0.5,7.9,0.3,1.8,5.8,2.3,1.6
24.15,3.6,8.05,1.15,1.65,12.45,0.95,1.8,4.25,1.45,4.15
28.5,5.0,12.9,2.7,3.3,11.6,3.4,5.4,4.3,1.4,2.3
35.033,6.567,13.833,2.633,3.433,20.9,2.2,4.8,3.467,1.1,5.033
15.5,1.9,5.0,0.8,1.1,4.8,0.8,0.8,2.1,0.5,1.9
17.0,1.6,3.9,0.4,0.6,5.4,0.4,0.7,2.8,1.0,2.1
27.3,4.5,9.533,1.1,1.267,11.8,1.2,2.633,4.833,2.067,2.133
22.2,3.8,8.1,0.9,1.3,9.1,1.0,1.2,3.5,1.3,2.2
34.75,10.5,20.05,8.7,9.8,31.35,2.5,5.85,3.05,1.1,4.35
21.9,4.0,8.6,1.8,2.15,10.45,1.4,3.15,2.55,0.9,1.9
24.9,3.8,8.3,0.8,1.0,11.1,1.0,1.5,5.1,2.0,2.8
21.3,1.5,4.2,0.5,0.6,6.0,0.6,1.1,3.0,1.0,2.4
30.8,4.567,10.9,2.833,3.6,15.1,1.533,5.467,5.3,1.867,2.967
16.5,1.5,3.8,0.7,0.9,6.1,0.9,1.5,2.2,0.7,2.0
33.8,9.2,20.1,4.667,5.133,25.667,3.133,5.733,12.067,4.867,4.567
24.1,2.9,6.6,0.5,0.6,10.4,0.8,1.4,4.2,1.8,3.6
27.0,3.05,5.2,1.2,2.45,16.1,1.4,2.65,0.05,0.0,5.3
20.1,3.2,7.7,0.6,0.8,7.5,1.3,1.7,4.8,1.6,2.1
21.5,4.133,7.467,0.667,0.833,14.333,1.8,5.8,0.7,0.267,2.533
21.833,3.7,8.633,1.7,2.233,10.2,1.633,3.1,2.7,0.767,2.467
21.5,3.6,8.0,1.3,1.8,12.0,1.2,1.1,2.1,0.7,3.7
22.05,2.9,6.5,0.75,1.05,8.5,0.85,1.25,3.95,1.5,2.4
23.9,3.4,6.7,1.25,1.55,11.125,0.8,2.025,2.275,0.85,2.875
15.35,2.8,6.6,0.6,0.8,7.35,0.9,1.2,4.1,1.5,2.05
22.05,3.35,8.1,1.1,1.3,8.1,0.95,1.65,4.15,1.35,2.15
34.225,7.375,16.925,2.525,3.0,18.925,1.75,4.85,7.775,2.8,3.5
24.3,5.4,9.7,1.0,1.7,17.4,2.0,4.3,0.7,0.2,3.8
9.7,1.2,2.4,0.4,0.9,4.1,0.8,0.8,0.5,0.1,1.2
27.4,3.5,9.4,1.6,2.1,9.2,2.2,3.5,4.8,1.6,2.9
18.3,3.9,6.3,1.6,2.1,13.3,0.6,0.5,1.0,0.4,4.3
28.5,5.2,12.433,1.867,2.3,12.367,0.867,1.8,7.633,2.9,3.033
18.1,2.2,6.1,0.6,0.7,5.7,0.7,1.2,4.1,1.3,1.7
33.5,6.675,13.475,2.35,2.7,19.65,1.45,3.15,3.825,1.425,5.4
22.5,2.9,5.7,1.2,1.4,11.1,1.7,4.7,2.0,0.7,1.9
22.6,2.75,6.0,0.45,0.65,9.95,0.9,1.35,3.1,1.15,3.25
24.8,2.8,6.3,1.1,1.4,10.1,1.2,1.2,2.5,0.8,2.9
34.467,8.433,19.0,7.367,8.267,25.467,4.067,9.767,6.867,2.467,2.867
16.6,3.4,4.9,1.1,1.9,12.7,0.7,1.2,0.0,0.0,3.0
24.533,3.767,7.867,1.5,1.767,13.667,1.267,5.4,1.833,0.533,2.533
20.25,3.4,8.65,0.85,1.1,7.65,1.05,1.65,4.15,1.4,2.15
16.35,2.75,5.05,1.2,1.55,9.2,1.05,1.7,1.05,0.4,2.75
12.8,1.3,2.6,0.6,0.8,5.0,0.8,1.8,0.5,0.1,1.3
14.7,2.4,5.7,0.8,0.9,5.6,0.5,1.3,2.6,0.9,0.7
19.133,2.833,6.167,1.6,2.033,10.167,0.867,1.1,3.267,1.167,3.467
22.45,3.35,7.3,1.45,1.6,10.35,0.55,1.0,4.65,1.85,2.2
23.8,3.1,6.0,1.3,2.2,13.0,1.1,1.2,0.1,0.0,5.0
18.167,1.867,4.6,0.4,0.5,6.833,0.5,1.1,2.7,0.967,2.567
32.6,6.867,15.5,2.367,2.733,17.233,2.3,3.867,6.733,2.567,4.667
32.433,5.933,12.567,1.9,2.267,20.833,2.167,8.133,6.0,2.333,2.967
30.425,6.5,13.95,2.875,3.35,16.75,1.225,4.0,5.025,2.0,2.55
23.05,3.675,8.125,0.7,0.85,12.625,0.8,5.15,3.2,1.2,2.125
19.6,2.7,6.2,1.0,1.3,8.1,1.7,4.4,2.6,0.7,1.2
29.7,7.8,16.7,4.1,5.2,27.1,3.7,3.9,5.5,1.8,8.4
14.8,1.8,3.8,0.6,0.7,6.4,0.6,1.3,1.9,0.7,1.7
23.15,3.8,5.55,1.0,1.8,16.85,0.9,0.9,0.15,0.05,5.1
27.7,5.05,9.75,2.35,3.3,18.75,1.65,2.35,2.2,0.7,7.0
15.1,2.3,3.8,0.8,1.2,8.4,0.7,0.5,0.5,0.1,2.5
19.5,1.5,4.3,0.6,0.7,4.9,0.4,0.9,3.4,1.1,1.3
31.55,5.05,11.75,1.55,2.0,14.1,1.75,3.55,5.35,2.0,3.75
17.1,2.2,3.4,0.9,1.5,9.2,0.5,0.7,0.2,0.0,3.2
18.85,2.95,5.05,0.7,1.2,11.0,0.75,1.45,0.65,0.25,3.05
16.0,2.0,4.0,0.6,0.8,6.9,0.4,0.8,2.3,1.0,1.9
22.5,4.4,8.8,1.75,2.3,14.5,1.95,2.85,2.45,0.85,4.1
35.233,8.967,18.367,4.633,5.433,22.867,2.867,4.533,7.467,2.933,4.2
9.9,1.2,2.6,0.7,1.1,4.7,0.5,0.6,0.4,0.1,1.1
21.7,3.1,6.8,0.7,0.9,7.4,0.7,1.0,3.9,1.2,1.7
32.35,9.65,16.3,5.5,7.9,25.7,2.75,4.35,0.45,0.15,4.3
